--------------------------------------------------------
--  Arquivo criado - Sexta-feira-Janeiro-27-2017   
--------------------------------------------------------
REM INSERTING into WEBACESSO.DELEGAR_GESTOR
SET DEFINE OFF;
Insert into WEBACESSO.DELEGAR_GESTOR (ID,FK_SISTEMA,USUARIO_GESTOR,USUARIO_DELEGADO,DATA_CADASTRO,DATA_EXCLUIDO,USUARIO_CADASTRO,USUARIO_EXCLUIR) values ('4','2','H045-3','M242-9',to_date('2016/05/01','YYYY/MM/DD'),to_date('2016/05/30','YYYY/MM/DD'),'H045-3','H045-3');
Insert into WEBACESSO.DELEGAR_GESTOR (ID,FK_SISTEMA,USUARIO_GESTOR,USUARIO_DELEGADO,DATA_CADASTRO,DATA_EXCLUIDO,USUARIO_CADASTRO,USUARIO_EXCLUIR) values ('5','2','H045-3','B029-9',to_date('2016/05/13','YYYY/MM/DD'),to_date('2016/05/30','YYYY/MM/DD'),'H045-3','H045-3');
Insert into WEBACESSO.DELEGAR_GESTOR (ID,FK_SISTEMA,USUARIO_GESTOR,USUARIO_DELEGADO,DATA_CADASTRO,DATA_EXCLUIDO,USUARIO_CADASTRO,USUARIO_EXCLUIR) values ('8','2','H045-3','M242-9',to_date('2016/07/01','YYYY/MM/DD'),null,'H045-3',null);
Insert into WEBACESSO.DELEGAR_GESTOR (ID,FK_SISTEMA,USUARIO_GESTOR,USUARIO_DELEGADO,DATA_CADASTRO,DATA_EXCLUIDO,USUARIO_CADASTRO,USUARIO_EXCLUIR) values ('9','2','F077-1','L070-6',to_date('2016/07/01','YYYY/MM/DD'),to_date('2016/07/15','YYYY/MM/DD'),'F077-1','F077-1');
Insert into WEBACESSO.DELEGAR_GESTOR (ID,FK_SISTEMA,USUARIO_GESTOR,USUARIO_DELEGADO,DATA_CADASTRO,DATA_EXCLUIDO,USUARIO_CADASTRO,USUARIO_EXCLUIR) values ('11','2','H045-3','A168-1',to_date('2016/11/23','YYYY/MM/DD'),to_date('2016/11/23','YYYY/MM/DD'),'H045-3',null);
Insert into WEBACESSO.DELEGAR_GESTOR (ID,FK_SISTEMA,USUARIO_GESTOR,USUARIO_DELEGADO,DATA_CADASTRO,DATA_EXCLUIDO,USUARIO_CADASTRO,USUARIO_EXCLUIR) values ('6','2','H045-3','J105-1',to_date('2016/05/19','YYYY/MM/DD'),to_date('2016/05/19','YYYY/MM/DD'),'H045-3',null);
Insert into WEBACESSO.DELEGAR_GESTOR (ID,FK_SISTEMA,USUARIO_GESTOR,USUARIO_DELEGADO,DATA_CADASTRO,DATA_EXCLUIDO,USUARIO_CADASTRO,USUARIO_EXCLUIR) values ('10','2','T028-9','E096-1',to_date('2016/10/04','YYYY/MM/DD'),to_date('2016/10/06','YYYY/MM/DD'),'T028-9',null);
Insert into WEBACESSO.DELEGAR_GESTOR (ID,FK_SISTEMA,USUARIO_GESTOR,USUARIO_DELEGADO,DATA_CADASTRO,DATA_EXCLUIDO,USUARIO_CADASTRO,USUARIO_EXCLUIR) values ('12','2','F092-4','J129-9',to_date('2016/12/01','YYYY/MM/DD'),to_date('2016/12/05','YYYY/MM/DD'),'F092-4',null);
Insert into WEBACESSO.DELEGAR_GESTOR (ID,FK_SISTEMA,USUARIO_GESTOR,USUARIO_DELEGADO,DATA_CADASTRO,DATA_EXCLUIDO,USUARIO_CADASTRO,USUARIO_EXCLUIR) values ('13','2','F092-4','J105-1',to_date('2016/12/06','YYYY/MM/DD'),to_date('2016/12/08','YYYY/MM/DD'),'F092-4',null);
Insert into WEBACESSO.DELEGAR_GESTOR (ID,FK_SISTEMA,USUARIO_GESTOR,USUARIO_DELEGADO,DATA_CADASTRO,DATA_EXCLUIDO,USUARIO_CADASTRO,USUARIO_EXCLUIR) values ('14','2','F092-4','L006-4',to_date('2016/12/19','YYYY/MM/DD'),to_date('2016/12/20','YYYY/MM/DD'),'F092-4',null);
REM INSERTING into WEBACESSO.FUNCIONALIDADE
SET DEFINE OFF;
Insert into WEBACESSO.FUNCIONALIDADE (ID,FK_SISTEMA,FK_FUNCIONALIDADE_PAI,DESCRICAO,DATA_CADASTRO,DATA_EXCLUIDO,USUARIO_CADASTRO,USUARIO_EXCLUIR,AGRUPA_MENU) values ('5','1',null,'CADASTRO DE PERMISSÃO',to_timestamp('2015/10/13 13:29:12,104000000','YYYY/MM/DD HH24:MI:SSXFF'),null,'H045-3',null,'PERMISSÃO');
Insert into WEBACESSO.FUNCIONALIDADE (ID,FK_SISTEMA,FK_FUNCIONALIDADE_PAI,DESCRICAO,DATA_CADASTRO,DATA_EXCLUIDO,USUARIO_CADASTRO,USUARIO_EXCLUIR,AGRUPA_MENU) values ('1','1',null,'CADASTRO DE SISTEMA',to_timestamp('2015/10/06 14:26:37,122000000','YYYY/MM/DD HH24:MI:SSXFF'),null,'H045-3',null,'CADASTRO');
Insert into WEBACESSO.FUNCIONALIDADE (ID,FK_SISTEMA,FK_FUNCIONALIDADE_PAI,DESCRICAO,DATA_CADASTRO,DATA_EXCLUIDO,USUARIO_CADASTRO,USUARIO_EXCLUIR,AGRUPA_MENU) values ('2','1',null,'CADASTRO DE USUÁRIO EXTERNO',to_timestamp('2015/10/06 14:28:17,046000000','YYYY/MM/DD HH24:MI:SSXFF'),null,'H045-3',null,'CADASTRO');
Insert into WEBACESSO.FUNCIONALIDADE (ID,FK_SISTEMA,FK_FUNCIONALIDADE_PAI,DESCRICAO,DATA_CADASTRO,DATA_EXCLUIDO,USUARIO_CADASTRO,USUARIO_EXCLUIR,AGRUPA_MENU) values ('3','1',null,'CADASTRO DE FUNCIONALIDADE',to_timestamp('2015/10/06 14:29:06,660000000','YYYY/MM/DD HH24:MI:SSXFF'),null,'H045-3',null,'CADASTRO');
Insert into WEBACESSO.FUNCIONALIDADE (ID,FK_SISTEMA,FK_FUNCIONALIDADE_PAI,DESCRICAO,DATA_CADASTRO,DATA_EXCLUIDO,USUARIO_CADASTRO,USUARIO_EXCLUIR,AGRUPA_MENU) values ('4','1',null,'CADASTRO DE PERFIL',to_timestamp('2015/10/07 11:05:57,701000000','YYYY/MM/DD HH24:MI:SSXFF'),null,'H045-3',null,'CADASTRO');
Insert into WEBACESSO.FUNCIONALIDADE (ID,FK_SISTEMA,FK_FUNCIONALIDADE_PAI,DESCRICAO,DATA_CADASTRO,DATA_EXCLUIDO,USUARIO_CADASTRO,USUARIO_EXCLUIR,AGRUPA_MENU) values ('7','2',null,'FREQUÊNCIA',to_timestamp('2015/11/23 07:26:24,364000000','YYYY/MM/DD HH24:MI:SSXFF'),null,'H045-3',null,'FREQUÊNCIA E BANCO DE HORAS');
Insert into WEBACESSO.FUNCIONALIDADE (ID,FK_SISTEMA,FK_FUNCIONALIDADE_PAI,DESCRICAO,DATA_CADASTRO,DATA_EXCLUIDO,USUARIO_CADASTRO,USUARIO_EXCLUIR,AGRUPA_MENU) values ('10','2',null,'FERIADO',to_timestamp('2015/12/17 16:11:08,334000000','YYYY/MM/DD HH24:MI:SSXFF'),null,'H045-3',null,'TABELA BÁSICA');
Insert into WEBACESSO.FUNCIONALIDADE (ID,FK_SISTEMA,FK_FUNCIONALIDADE_PAI,DESCRICAO,DATA_CADASTRO,DATA_EXCLUIDO,USUARIO_CADASTRO,USUARIO_EXCLUIR,AGRUPA_MENU) values ('19','2',null,'AUTORIZAÇÃO DE HORA EXTRAORDINÁRIA',to_timestamp('2016/02/23 15:13:47,077000000','YYYY/MM/DD HH24:MI:SSXFF'),null,'H045-3',null,'SERVIÇO EXTRAORDINÁRIO E FOLGA');
Insert into WEBACESSO.FUNCIONALIDADE (ID,FK_SISTEMA,FK_FUNCIONALIDADE_PAI,DESCRICAO,DATA_CADASTRO,DATA_EXCLUIDO,USUARIO_CADASTRO,USUARIO_EXCLUIR,AGRUPA_MENU) values ('28','1',null,'CADASTRO DE GESTOR',to_timestamp('2016/04/12 11:41:15,411000000','YYYY/MM/DD HH24:MI:SSXFF'),null,'H045-3',null,'PERMISSÃO');
Insert into WEBACESSO.FUNCIONALIDADE (ID,FK_SISTEMA,FK_FUNCIONALIDADE_PAI,DESCRICAO,DATA_CADASTRO,DATA_EXCLUIDO,USUARIO_CADASTRO,USUARIO_EXCLUIR,AGRUPA_MENU) values ('27','2',null,'FOLGA',to_timestamp('2016/03/09 14:11:00,349000000','YYYY/MM/DD HH24:MI:SSXFF'),null,'H045-3',null,'SERVIÇO EXTRAORDINÁRIO E FOLGA');
Insert into WEBACESSO.FUNCIONALIDADE (ID,FK_SISTEMA,FK_FUNCIONALIDADE_PAI,DESCRICAO,DATA_CADASTRO,DATA_EXCLUIDO,USUARIO_CADASTRO,USUARIO_EXCLUIR,AGRUPA_MENU) values ('30','2',null,'DELEGAR COMPETÊNCIA',to_timestamp('2016/04/13 15:32:40,116000000','YYYY/MM/DD HH24:MI:SSXFF'),null,'H045-3',null,'FREQUÊNCIA E BANCO DE HORAS');
Insert into WEBACESSO.FUNCIONALIDADE (ID,FK_SISTEMA,FK_FUNCIONALIDADE_PAI,DESCRICAO,DATA_CADASTRO,DATA_EXCLUIDO,USUARIO_CADASTRO,USUARIO_EXCLUIR,AGRUPA_MENU) values ('13','3',null,'SOLICITACAO DE CALCULO',to_timestamp('2016/01/27 14:26:02,421000000','YYYY/MM/DD HH24:MI:SSXFF'),null,'F092-4',null,'SOLICITANTE');
Insert into WEBACESSO.FUNCIONALIDADE (ID,FK_SISTEMA,FK_FUNCIONALIDADE_PAI,DESCRICAO,DATA_CADASTRO,DATA_EXCLUIDO,USUARIO_CADASTRO,USUARIO_EXCLUIR,AGRUPA_MENU) values ('21','3',null,'FERIADO',to_timestamp('2016/03/01 10:39:05,945000000','YYYY/MM/DD HH24:MI:SSXFF'),null,'H045-3',null,'TABELA BÁSICA');
Insert into WEBACESSO.FUNCIONALIDADE (ID,FK_SISTEMA,FK_FUNCIONALIDADE_PAI,DESCRICAO,DATA_CADASTRO,DATA_EXCLUIDO,USUARIO_CADASTRO,USUARIO_EXCLUIR,AGRUPA_MENU) values ('15','3',null,'CLASSIFICAÇÃO E DISTRIBUIÇÃO DE SOLICITAÇÕES',to_timestamp('2016/02/02 12:34:25,075000000','YYYY/MM/DD HH24:MI:SSXFF'),null,'R098-9',null,'SUPORTE');
Insert into WEBACESSO.FUNCIONALIDADE (ID,FK_SISTEMA,FK_FUNCIONALIDADE_PAI,DESCRICAO,DATA_CADASTRO,DATA_EXCLUIDO,USUARIO_CADASTRO,USUARIO_EXCLUIR,AGRUPA_MENU) values ('9','2',null,'CARGA HORÁRIA',to_timestamp('2015/12/17 09:39:59,768000000','YYYY/MM/DD HH24:MI:SSXFF'),null,'H045-3',null,'TABELA BÁSICA');
Insert into WEBACESSO.FUNCIONALIDADE (ID,FK_SISTEMA,FK_FUNCIONALIDADE_PAI,DESCRICAO,DATA_CADASTRO,DATA_EXCLUIDO,USUARIO_CADASTRO,USUARIO_EXCLUIR,AGRUPA_MENU) values ('11','2',null,'DISPENSA DE REGISTRO',to_timestamp('2016/01/25 11:02:28,006000000','YYYY/MM/DD HH24:MI:SSXFF'),null,'H045-3',null,'TABELA BÁSICA');
Insert into WEBACESSO.FUNCIONALIDADE (ID,FK_SISTEMA,FK_FUNCIONALIDADE_PAI,DESCRICAO,DATA_CADASTRO,DATA_EXCLUIDO,USUARIO_CADASTRO,USUARIO_EXCLUIR,AGRUPA_MENU) values ('29','3',null,'RELATÓRIO POR SITUAÇÃO',to_timestamp('2016/04/13 10:03:38,577000000','YYYY/MM/DD HH24:MI:SSXFF'),null,'H045-3',null,'RELATÓRIO');
Insert into WEBACESSO.FUNCIONALIDADE (ID,FK_SISTEMA,FK_FUNCIONALIDADE_PAI,DESCRICAO,DATA_CADASTRO,DATA_EXCLUIDO,USUARIO_CADASTRO,USUARIO_EXCLUIR,AGRUPA_MENU) values ('18','3',null,'CÁLCULOS DE PROCESSO',to_timestamp('2016/02/17 13:59:06,656000000','YYYY/MM/DD HH24:MI:SSXFF'),null,'R098-9',null,'CALCULISTA');
Insert into WEBACESSO.FUNCIONALIDADE (ID,FK_SISTEMA,FK_FUNCIONALIDADE_PAI,DESCRICAO,DATA_CADASTRO,DATA_EXCLUIDO,USUARIO_CADASTRO,USUARIO_EXCLUIR,AGRUPA_MENU) values ('20','2',null,'BANCO DE HORAS',to_timestamp('2016/02/24 16:05:08,497000000','YYYY/MM/DD HH24:MI:SSXFF'),null,'H045-3',null,'FREQUÊNCIA E BANCO DE HORAS');
Insert into WEBACESSO.FUNCIONALIDADE (ID,FK_SISTEMA,FK_FUNCIONALIDADE_PAI,DESCRICAO,DATA_CADASTRO,DATA_EXCLUIDO,USUARIO_CADASTRO,USUARIO_EXCLUIR,AGRUPA_MENU) values ('31','2',null,'REGISTRAR PONTO',to_timestamp('2016/04/14 08:25:50,237000000','YYYY/MM/DD HH24:MI:SSXFF'),null,'H045-3',null,'FREQUÊNCIA E BANCO DE HORAS');
Insert into WEBACESSO.FUNCIONALIDADE (ID,FK_SISTEMA,FK_FUNCIONALIDADE_PAI,DESCRICAO,DATA_CADASTRO,DATA_EXCLUIDO,USUARIO_CADASTRO,USUARIO_EXCLUIR,AGRUPA_MENU) values ('39','3',null,'RELATORIO DE DISTRIBUIÇÃO',to_timestamp('2016/06/30 12:56:49,327000000','YYYY/MM/DD HH24:MI:SSXFF'),null,'F092-4',null,'RELATÓRIO');
Insert into WEBACESSO.FUNCIONALIDADE (ID,FK_SISTEMA,FK_FUNCIONALIDADE_PAI,DESCRICAO,DATA_CADASTRO,DATA_EXCLUIDO,USUARIO_CADASTRO,USUARIO_EXCLUIR,AGRUPA_MENU) values ('43','6',null,'CADASTRO DE CONFIGURAÇÃO',to_timestamp('2016/07/11 14:18:18,630000000','YYYY/MM/DD HH24:MI:SSXFF'),null,'R057-1',null,'TABELA BÁSICA');
Insert into WEBACESSO.FUNCIONALIDADE (ID,FK_SISTEMA,FK_FUNCIONALIDADE_PAI,DESCRICAO,DATA_CADASTRO,DATA_EXCLUIDO,USUARIO_CADASTRO,USUARIO_EXCLUIR,AGRUPA_MENU) values ('61','2',null,'DIREITO À FOLGA COMPENSATÓRIA',to_timestamp('2016/09/21 08:39:27,793000000','YYYY/MM/DD HH24:MI:SSXFF'),null,'H045-3',null,'SERVIÇO EXTRAORDINÁRIO E FOLGA');
Insert into WEBACESSO.FUNCIONALIDADE (ID,FK_SISTEMA,FK_FUNCIONALIDADE_PAI,DESCRICAO,DATA_CADASTRO,DATA_EXCLUIDO,USUARIO_CADASTRO,USUARIO_EXCLUIR,AGRUPA_MENU) values ('66','8',null,'FISCAL ADMINISTRATIVO',to_timestamp('2016/10/10 14:01:48,426000000','YYYY/MM/DD HH24:MI:SSXFF'),null,'J129-9',null,null);
Insert into WEBACESSO.FUNCIONALIDADE (ID,FK_SISTEMA,FK_FUNCIONALIDADE_PAI,DESCRICAO,DATA_CADASTRO,DATA_EXCLUIDO,USUARIO_CADASTRO,USUARIO_EXCLUIR,AGRUPA_MENU) values ('67','8',null,'FISCAL TÉCNICO',to_timestamp('2016/10/10 14:02:20,000000000','YYYY/MM/DD HH24:MI:SSXFF'),null,'J129-9',null,null);
Insert into WEBACESSO.FUNCIONALIDADE (ID,FK_SISTEMA,FK_FUNCIONALIDADE_PAI,DESCRICAO,DATA_CADASTRO,DATA_EXCLUIDO,USUARIO_CADASTRO,USUARIO_EXCLUIR,AGRUPA_MENU) values ('68','8',null,'TABELAS BÁSICAS',to_timestamp('2016/10/10 14:03:00,935000000','YYYY/MM/DD HH24:MI:SSXFF'),null,'J129-9',null,null);
Insert into WEBACESSO.FUNCIONALIDADE (ID,FK_SISTEMA,FK_FUNCIONALIDADE_PAI,DESCRICAO,DATA_CADASTRO,DATA_EXCLUIDO,USUARIO_CADASTRO,USUARIO_EXCLUIR,AGRUPA_MENU) values ('76','9',null,'CADASTRO DE EVENTO',to_timestamp('2016/12/06 12:26:50,223000000','YYYY/MM/DD HH24:MI:SSXFF'),null,'H045-3',null,'EVENTO');
Insert into WEBACESSO.FUNCIONALIDADE (ID,FK_SISTEMA,FK_FUNCIONALIDADE_PAI,DESCRICAO,DATA_CADASTRO,DATA_EXCLUIDO,USUARIO_CADASTRO,USUARIO_EXCLUIR,AGRUPA_MENU) values ('77','9',null,'VIDA FUNCIONAL',to_timestamp('2016/12/06 13:10:50,395000000','YYYY/MM/DD HH24:MI:SSXFF'),null,'H045-3',null,'EVENTO');
Insert into WEBACESSO.FUNCIONALIDADE (ID,FK_SISTEMA,FK_FUNCIONALIDADE_PAI,DESCRICAO,DATA_CADASTRO,DATA_EXCLUIDO,USUARIO_CADASTRO,USUARIO_EXCLUIR,AGRUPA_MENU) values ('78','10',null,'FISCAL ADMINISTRATIVO',to_timestamp('2016/10/10 14:01:48,426000000','YYYY/MM/DD HH24:MI:SSXFF'),null,'J129-9',null,null);
Insert into WEBACESSO.FUNCIONALIDADE (ID,FK_SISTEMA,FK_FUNCIONALIDADE_PAI,DESCRICAO,DATA_CADASTRO,DATA_EXCLUIDO,USUARIO_CADASTRO,USUARIO_EXCLUIR,AGRUPA_MENU) values ('79','10',null,'FISCAL TÉCNICO',to_timestamp('2016/10/10 14:02:20,000000000','YYYY/MM/DD HH24:MI:SSXFF'),null,'J129-9',null,null);
Insert into WEBACESSO.FUNCIONALIDADE (ID,FK_SISTEMA,FK_FUNCIONALIDADE_PAI,DESCRICAO,DATA_CADASTRO,DATA_EXCLUIDO,USUARIO_CADASTRO,USUARIO_EXCLUIR,AGRUPA_MENU) values ('80','10',null,'TABELAS BÁSICAS',to_timestamp('2016/10/10 14:03:00,935000000','YYYY/MM/DD HH24:MI:SSXFF'),null,'J129-9',null,null);
Insert into WEBACESSO.FUNCIONALIDADE (ID,FK_SISTEMA,FK_FUNCIONALIDADE_PAI,DESCRICAO,DATA_CADASTRO,DATA_EXCLUIDO,USUARIO_CADASTRO,USUARIO_EXCLUIR,AGRUPA_MENU) values ('81','10',null,'CONTA VINCULADA',to_timestamp('2016/10/14 08:36:05,580000000','YYYY/MM/DD HH24:MI:SSXFF'),null,'J129-9',null,null);
Insert into WEBACESSO.FUNCIONALIDADE (ID,FK_SISTEMA,FK_FUNCIONALIDADE_PAI,DESCRICAO,DATA_CADASTRO,DATA_EXCLUIDO,USUARIO_CADASTRO,USUARIO_EXCLUIR,AGRUPA_MENU) values ('82','10',null,'ORÇAMENTO E FINANÇAS',to_timestamp('2016/11/04 13:07:21,249000000','YYYY/MM/DD HH24:MI:SSXFF'),null,'J129-9',null,null);
Insert into WEBACESSO.FUNCIONALIDADE (ID,FK_SISTEMA,FK_FUNCIONALIDADE_PAI,DESCRICAO,DATA_CADASTRO,DATA_EXCLUIDO,USUARIO_CADASTRO,USUARIO_EXCLUIR,AGRUPA_MENU) values ('35','3',null,'AFASTAMENTO DE CALCULISTA',to_timestamp('2016/06/29 08:40:42,386000000','YYYY/MM/DD HH24:MI:SSXFF'),to_timestamp('2016/06/29 08:41:54,700000000','YYYY/MM/DD HH24:MI:SSXFF'),'F092-4','F092-4',null);
Insert into WEBACESSO.FUNCIONALIDADE (ID,FK_SISTEMA,FK_FUNCIONALIDADE_PAI,DESCRICAO,DATA_CADASTRO,DATA_EXCLUIDO,USUARIO_CADASTRO,USUARIO_EXCLUIR,AGRUPA_MENU) values ('36','3',null,'AFASTAMENTO DE CALCULISTA',to_timestamp('2016/06/29 08:42:37,983000000','YYYY/MM/DD HH24:MI:SSXFF'),to_timestamp('2016/06/29 08:43:05,311000000','YYYY/MM/DD HH24:MI:SSXFF'),'F092-4','F092-4',null);
Insert into WEBACESSO.FUNCIONALIDADE (ID,FK_SISTEMA,FK_FUNCIONALIDADE_PAI,DESCRICAO,DATA_CADASTRO,DATA_EXCLUIDO,USUARIO_CADASTRO,USUARIO_EXCLUIR,AGRUPA_MENU) values ('37','3',null,'AFASTAMENTO DE CALCULISTA',to_timestamp('2016/06/29 08:43:57,603000000','YYYY/MM/DD HH24:MI:SSXFF'),to_timestamp('2016/06/29 08:44:13,945000000','YYYY/MM/DD HH24:MI:SSXFF'),'F092-4','F092-4',null);
Insert into WEBACESSO.FUNCIONALIDADE (ID,FK_SISTEMA,FK_FUNCIONALIDADE_PAI,DESCRICAO,DATA_CADASTRO,DATA_EXCLUIDO,USUARIO_CADASTRO,USUARIO_EXCLUIR,AGRUPA_MENU) values ('38','3',null,'AFASTAMENTO DE CALCULISTA',to_timestamp('2016/06/29 08:45:07,255000000','YYYY/MM/DD HH24:MI:SSXFF'),null,'F092-4',null,'TABELA BÁSICA');
Insert into WEBACESSO.FUNCIONALIDADE (ID,FK_SISTEMA,FK_FUNCIONALIDADE_PAI,DESCRICAO,DATA_CADASTRO,DATA_EXCLUIDO,USUARIO_CADASTRO,USUARIO_EXCLUIR,AGRUPA_MENU) values ('48','4',null,'EMITIR CERTIDÃO',to_timestamp('2016/07/13 13:35:59,008000000','YYYY/MM/DD HH24:MI:SSXFF'),to_timestamp('2016/10/04 14:13:56,892000000','YYYY/MM/DD HH24:MI:SSXFF'),'R098-9','R098-9',null);
Insert into WEBACESSO.FUNCIONALIDADE (ID,FK_SISTEMA,FK_FUNCIONALIDADE_PAI,DESCRICAO,DATA_CADASTRO,DATA_EXCLUIDO,USUARIO_CADASTRO,USUARIO_EXCLUIR,AGRUPA_MENU) values ('52','6',null,'CAUSA SOCIAL',to_timestamp('2016/08/03 12:48:00,308000000','YYYY/MM/DD HH24:MI:SSXFF'),to_timestamp('2016/08/30 14:50:15,970000000','YYYY/MM/DD HH24:MI:SSXFF'),'F092-4','H045-3',null);
Insert into WEBACESSO.FUNCIONALIDADE (ID,FK_SISTEMA,FK_FUNCIONALIDADE_PAI,DESCRICAO,DATA_CADASTRO,DATA_EXCLUIDO,USUARIO_CADASTRO,USUARIO_EXCLUIR,AGRUPA_MENU) values ('53','6',null,'RELATÓRIO DE PERFIL SOCIOPROFISSIONAL',to_timestamp('2016/08/08 10:12:58,806000000','YYYY/MM/DD HH24:MI:SSXFF'),null,'F092-4',null,'RELATÓRIO');
Insert into WEBACESSO.FUNCIONALIDADE (ID,FK_SISTEMA,FK_FUNCIONALIDADE_PAI,DESCRICAO,DATA_CADASTRO,DATA_EXCLUIDO,USUARIO_CADASTRO,USUARIO_EXCLUIR,AGRUPA_MENU) values ('54','6',null,'PERFIL SOCIOPROFISSIONAL INDIVIDUAL',to_timestamp('2016/08/08 11:39:17,320000000','YYYY/MM/DD HH24:MI:SSXFF'),null,'R057-1',null,'PERFIL');
Insert into WEBACESSO.FUNCIONALIDADE (ID,FK_SISTEMA,FK_FUNCIONALIDADE_PAI,DESCRICAO,DATA_CADASTRO,DATA_EXCLUIDO,USUARIO_CADASTRO,USUARIO_EXCLUIR,AGRUPA_MENU) values ('74','4',null,'VINCULAR CNPJS',to_timestamp('2016/11/21 08:54:48,508000000','YYYY/MM/DD HH24:MI:SSXFF'),null,'R098-9',null,null);
Insert into WEBACESSO.FUNCIONALIDADE (ID,FK_SISTEMA,FK_FUNCIONALIDADE_PAI,DESCRICAO,DATA_CADASTRO,DATA_EXCLUIDO,USUARIO_CADASTRO,USUARIO_EXCLUIR,AGRUPA_MENU) values ('32','4',null,'PESQUISA PATRIMONIAL',to_timestamp('2016/05/20 07:43:54,208000000','YYYY/MM/DD HH24:MI:SSXFF'),to_timestamp('2016/10/04 14:14:01,464000000','YYYY/MM/DD HH24:MI:SSXFF'),'H045-3','R098-9',null);
Insert into WEBACESSO.FUNCIONALIDADE (ID,FK_SISTEMA,FK_FUNCIONALIDADE_PAI,DESCRICAO,DATA_CADASTRO,DATA_EXCLUIDO,USUARIO_CADASTRO,USUARIO_EXCLUIR,AGRUPA_MENU) values ('40','3',null,'RELATORIO DE PRODUTIVIDADE',to_timestamp('2016/07/06 10:43:25,441000000','YYYY/MM/DD HH24:MI:SSXFF'),to_timestamp('2016/07/06 13:47:47,311000000','YYYY/MM/DD HH24:MI:SSXFF'),'F092-4','F092-4',null);
Insert into WEBACESSO.FUNCIONALIDADE (ID,FK_SISTEMA,FK_FUNCIONALIDADE_PAI,DESCRICAO,DATA_CADASTRO,DATA_EXCLUIDO,USUARIO_CADASTRO,USUARIO_EXCLUIR,AGRUPA_MENU) values ('41','3',null,'RELATORIO DE PRODUTIVIDADE',to_timestamp('2016/07/06 13:48:55,964000000','YYYY/MM/DD HH24:MI:SSXFF'),null,'F092-4',null,'RELATÓRIO');
Insert into WEBACESSO.FUNCIONALIDADE (ID,FK_SISTEMA,FK_FUNCIONALIDADE_PAI,DESCRICAO,DATA_CADASTRO,DATA_EXCLUIDO,USUARIO_CADASTRO,USUARIO_EXCLUIR,AGRUPA_MENU) values ('42','6',null,'CADASTRO DE ÁREA DE INTERESSE',to_timestamp('2016/07/07 10:47:16,571000000','YYYY/MM/DD HH24:MI:SSXFF'),null,'R057-1',null,'TABELA BÁSICA');
Insert into WEBACESSO.FUNCIONALIDADE (ID,FK_SISTEMA,FK_FUNCIONALIDADE_PAI,DESCRICAO,DATA_CADASTRO,DATA_EXCLUIDO,USUARIO_CADASTRO,USUARIO_EXCLUIR,AGRUPA_MENU) values ('55','3',null,'DISTRIBUIÇÃO EM LOTE',to_timestamp('2016/08/09 08:49:47,782000000','YYYY/MM/DD HH24:MI:SSXFF'),null,'H045-3',null,'SUPORTE');
Insert into WEBACESSO.FUNCIONALIDADE (ID,FK_SISTEMA,FK_FUNCIONALIDADE_PAI,DESCRICAO,DATA_CADASTRO,DATA_EXCLUIDO,USUARIO_CADASTRO,USUARIO_EXCLUIR,AGRUPA_MENU) values ('56','6',null,'RELATÓRIO DE PERFIL POR POSTO DE INTERESSE',to_timestamp('2016/08/29 12:45:43,336000000','YYYY/MM/DD HH24:MI:SSXFF'),null,'F092-4',null,'RELATÓRIO');
Insert into WEBACESSO.FUNCIONALIDADE (ID,FK_SISTEMA,FK_FUNCIONALIDADE_PAI,DESCRICAO,DATA_CADASTRO,DATA_EXCLUIDO,USUARIO_CADASTRO,USUARIO_EXCLUIR,AGRUPA_MENU) values ('70','4',null,'LISTA DAS PESQUISAS REJEITADAS',to_timestamp('2016/10/11 12:11:55,073000000','YYYY/MM/DD HH24:MI:SSXFF'),to_timestamp('2016/10/11 12:12:36,364000000','YYYY/MM/DD HH24:MI:SSXFF'),'F092-4','F092-4',null);
Insert into WEBACESSO.FUNCIONALIDADE (ID,FK_SISTEMA,FK_FUNCIONALIDADE_PAI,DESCRICAO,DATA_CADASTRO,DATA_EXCLUIDO,USUARIO_CADASTRO,USUARIO_EXCLUIR,AGRUPA_MENU) values ('72','8',null,'CONTA VINCULADA',to_timestamp('2016/10/14 08:36:05,580000000','YYYY/MM/DD HH24:MI:SSXFF'),null,'J129-9',null,null);
Insert into WEBACESSO.FUNCIONALIDADE (ID,FK_SISTEMA,FK_FUNCIONALIDADE_PAI,DESCRICAO,DATA_CADASTRO,DATA_EXCLUIDO,USUARIO_CADASTRO,USUARIO_EXCLUIR,AGRUPA_MENU) values ('73','8',null,'ORÇAMENTO E FINANÇAS',to_timestamp('2016/11/04 13:07:21,249000000','YYYY/MM/DD HH24:MI:SSXFF'),null,'J129-9',null,null);
Insert into WEBACESSO.FUNCIONALIDADE (ID,FK_SISTEMA,FK_FUNCIONALIDADE_PAI,DESCRICAO,DATA_CADASTRO,DATA_EXCLUIDO,USUARIO_CADASTRO,USUARIO_EXCLUIR,AGRUPA_MENU) values ('33','2',null,'RELATÓRIO DE SITUAÇÃO DA FREQUÊNCIA',to_timestamp('2016/06/23 09:01:39,112000000','YYYY/MM/DD HH24:MI:SSXFF'),null,'H045-3',null,'RELATÓRIO');
Insert into WEBACESSO.FUNCIONALIDADE (ID,FK_SISTEMA,FK_FUNCIONALIDADE_PAI,DESCRICAO,DATA_CADASTRO,DATA_EXCLUIDO,USUARIO_CADASTRO,USUARIO_EXCLUIR,AGRUPA_MENU) values ('34','2',null,'RELATORIO DE BANCO DE HORAS',to_timestamp('2016/06/23 09:33:46,173000000','YYYY/MM/DD HH24:MI:SSXFF'),null,'F092-4',null,'RELATÓRIO');
Insert into WEBACESSO.FUNCIONALIDADE (ID,FK_SISTEMA,FK_FUNCIONALIDADE_PAI,DESCRICAO,DATA_CADASTRO,DATA_EXCLUIDO,USUARIO_CADASTRO,USUARIO_EXCLUIR,AGRUPA_MENU) values ('44','6',null,'CADASTRO DE FAIXA ETÁRIA',to_timestamp('2016/07/12 15:00:05,674000000','YYYY/MM/DD HH24:MI:SSXFF'),null,'R057-1',null,'TABELA BÁSICA');
Insert into WEBACESSO.FUNCIONALIDADE (ID,FK_SISTEMA,FK_FUNCIONALIDADE_PAI,DESCRICAO,DATA_CADASTRO,DATA_EXCLUIDO,USUARIO_CADASTRO,USUARIO_EXCLUIR,AGRUPA_MENU) values ('45','6',null,'CADASTRO DE IDIOMA',to_timestamp('2016/07/12 15:00:49,789000000','YYYY/MM/DD HH24:MI:SSXFF'),null,'R057-1',null,'TABELA BÁSICA');
Insert into WEBACESSO.FUNCIONALIDADE (ID,FK_SISTEMA,FK_FUNCIONALIDADE_PAI,DESCRICAO,DATA_CADASTRO,DATA_EXCLUIDO,USUARIO_CADASTRO,USUARIO_EXCLUIR,AGRUPA_MENU) values ('46','6',null,'CADASTRO DE NÍVEL ACADÊMICO',to_timestamp('2016/07/12 15:01:30,266000000','YYYY/MM/DD HH24:MI:SSXFF'),null,'R057-1',null,'TABELA BÁSICA');
Insert into WEBACESSO.FUNCIONALIDADE (ID,FK_SISTEMA,FK_FUNCIONALIDADE_PAI,DESCRICAO,DATA_CADASTRO,DATA_EXCLUIDO,USUARIO_CADASTRO,USUARIO_EXCLUIR,AGRUPA_MENU) values ('47','6',null,'CADASTRO DE POSTO DE INTERESSE',to_timestamp('2016/07/12 15:02:03,004000000','YYYY/MM/DD HH24:MI:SSXFF'),null,'R057-1',null,'TABELA BÁSICA');
Insert into WEBACESSO.FUNCIONALIDADE (ID,FK_SISTEMA,FK_FUNCIONALIDADE_PAI,DESCRICAO,DATA_CADASTRO,DATA_EXCLUIDO,USUARIO_CADASTRO,USUARIO_EXCLUIR,AGRUPA_MENU) values ('49','6',null,'CADASTRO DE ÁREA DE ATUACAO',to_timestamp('2016/07/28 13:01:37,369000000','YYYY/MM/DD HH24:MI:SSXFF'),null,'F092-4',null,'TABELA BÁSICA');
Insert into WEBACESSO.FUNCIONALIDADE (ID,FK_SISTEMA,FK_FUNCIONALIDADE_PAI,DESCRICAO,DATA_CADASTRO,DATA_EXCLUIDO,USUARIO_CADASTRO,USUARIO_EXCLUIR,AGRUPA_MENU) values ('50','6',null,'CADASTRO DE ÁREA DE CONHECIMENTO',to_timestamp('2016/07/29 12:53:21,321000000','YYYY/MM/DD HH24:MI:SSXFF'),null,'F092-4',null,'TABELA BÁSICA');
Insert into WEBACESSO.FUNCIONALIDADE (ID,FK_SISTEMA,FK_FUNCIONALIDADE_PAI,DESCRICAO,DATA_CADASTRO,DATA_EXCLUIDO,USUARIO_CADASTRO,USUARIO_EXCLUIR,AGRUPA_MENU) values ('51','6',null,'CADASTRO DE OCUPAÇÃO',to_timestamp('2016/08/02 12:25:32,768000000','YYYY/MM/DD HH24:MI:SSXFF'),null,'F092-4',null,'TABELA BÁSICA');
Insert into WEBACESSO.FUNCIONALIDADE (ID,FK_SISTEMA,FK_FUNCIONALIDADE_PAI,DESCRICAO,DATA_CADASTRO,DATA_EXCLUIDO,USUARIO_CADASTRO,USUARIO_EXCLUIR,AGRUPA_MENU) values ('57','6',null,'CADASTRO DE PERGUNTA',to_timestamp('2016/08/30 12:58:16,814000000','YYYY/MM/DD HH24:MI:SSXFF'),null,'R057-1',null,'TABELA BÁSICA');
Insert into WEBACESSO.FUNCIONALIDADE (ID,FK_SISTEMA,FK_FUNCIONALIDADE_PAI,DESCRICAO,DATA_CADASTRO,DATA_EXCLUIDO,USUARIO_CADASTRO,USUARIO_EXCLUIR,AGRUPA_MENU) values ('58','6',null,'POSTO_COMPETENCIA',to_timestamp('2016/08/30 13:08:23,962000000','YYYY/MM/DD HH24:MI:SSXFF'),null,'F092-4',null,'TABELA BÁSICA');
Insert into WEBACESSO.FUNCIONALIDADE (ID,FK_SISTEMA,FK_FUNCIONALIDADE_PAI,DESCRICAO,DATA_CADASTRO,DATA_EXCLUIDO,USUARIO_CADASTRO,USUARIO_EXCLUIR,AGRUPA_MENU) values ('62','1',null,'LISTAR PESQUISAS',to_timestamp('2016/09/27 13:25:57,340000000','YYYY/MM/DD HH24:MI:SSXFF'),null,'F092-4',null,null);
Insert into WEBACESSO.FUNCIONALIDADE (ID,FK_SISTEMA,FK_FUNCIONALIDADE_PAI,DESCRICAO,DATA_CADASTRO,DATA_EXCLUIDO,USUARIO_CADASTRO,USUARIO_EXCLUIR,AGRUPA_MENU) values ('63','4',null,'LISTAR PESQUISAS',to_timestamp('2016/10/04 14:20:25,371000000','YYYY/MM/DD HH24:MI:SSXFF'),null,'R098-9',null,null);
Insert into WEBACESSO.FUNCIONALIDADE (ID,FK_SISTEMA,FK_FUNCIONALIDADE_PAI,DESCRICAO,DATA_CADASTRO,DATA_EXCLUIDO,USUARIO_CADASTRO,USUARIO_EXCLUIR,AGRUPA_MENU) values ('64','4',null,'PESQUISAR DEVEDOR',to_timestamp('2016/10/04 14:22:48,830000000','YYYY/MM/DD HH24:MI:SSXFF'),null,'R098-9',null,null);
Insert into WEBACESSO.FUNCIONALIDADE (ID,FK_SISTEMA,FK_FUNCIONALIDADE_PAI,DESCRICAO,DATA_CADASTRO,DATA_EXCLUIDO,USUARIO_CADASTRO,USUARIO_EXCLUIR,AGRUPA_MENU) values ('65','4',null,'MANTER CONVÊNIOS',to_timestamp('2016/10/04 14:42:16,134000000','YYYY/MM/DD HH24:MI:SSXFF'),null,'R098-9',null,null);
Insert into WEBACESSO.FUNCIONALIDADE (ID,FK_SISTEMA,FK_FUNCIONALIDADE_PAI,DESCRICAO,DATA_CADASTRO,DATA_EXCLUIDO,USUARIO_CADASTRO,USUARIO_EXCLUIR,AGRUPA_MENU) values ('69','4',null,'DETALHAR PESQUISA',to_timestamp('2016/10/11 10:32:23,137000000','YYYY/MM/DD HH24:MI:SSXFF'),to_timestamp('2016/10/11 12:40:30,766000000','YYYY/MM/DD HH24:MI:SSXFF'),'R098-9','R098-9',null);
Insert into WEBACESSO.FUNCIONALIDADE (ID,FK_SISTEMA,FK_FUNCIONALIDADE_PAI,DESCRICAO,DATA_CADASTRO,DATA_EXCLUIDO,USUARIO_CADASTRO,USUARIO_EXCLUIR,AGRUPA_MENU) values ('71','2',null,'CONVERTER HORA EXTRAORDINÁRIA',to_timestamp('2016/10/13 08:08:01,138000000','YYYY/MM/DD HH24:MI:SSXFF'),null,'H045-3',null,'SERVIÇO EXTRAORDINÁRIO E FOLGA');
Insert into WEBACESSO.FUNCIONALIDADE (ID,FK_SISTEMA,FK_FUNCIONALIDADE_PAI,DESCRICAO,DATA_CADASTRO,DATA_EXCLUIDO,USUARIO_CADASTRO,USUARIO_EXCLUIR,AGRUPA_MENU) values ('75','9',null,'TIPO DE EVENTO',to_timestamp('2016/12/06 10:15:46,085000000','YYYY/MM/DD HH24:MI:SSXFF'),null,'H045-3',null,'TABELA BÁSICA');
REM INSERTING into WEBACESSO.FUNCIONALIDADE_URL
SET DEFINE OFF;
Insert into WEBACESSO.FUNCIONALIDADE_URL (ID,FK_FUNCIONALIDADE,PRINCIPAL_URL,VIEW_ID,URL,LEGENDA) values ('31','13','N','pages/detalhecalculo.xhtml','detalhecalculo',null);
Insert into WEBACESSO.FUNCIONALIDADE_URL (ID,FK_FUNCIONALIDADE,PRINCIPAL_URL,VIEW_ID,URL,LEGENDA) values ('34','15','N','pages/distribuicao.xhtml','distribuicao',null);
Insert into WEBACESSO.FUNCIONALIDADE_URL (ID,FK_FUNCIONALIDADE,PRINCIPAL_URL,VIEW_ID,URL,LEGENDA) values ('38','31','S','pages/frequencia/registrarPonto.xhtml','registrarPonto',null);
Insert into WEBACESSO.FUNCIONALIDADE_URL (ID,FK_FUNCIONALIDADE,PRINCIPAL_URL,VIEW_ID,URL,LEGENDA) values ('7','5','S','pages/permissao/permissao.xhtml','permissao',null);
Insert into WEBACESSO.FUNCIONALIDADE_URL (ID,FK_FUNCIONALIDADE,PRINCIPAL_URL,VIEW_ID,URL,LEGENDA) values ('8','1','S','pages/sistema/sistema.xhtml','sistema',null);
Insert into WEBACESSO.FUNCIONALIDADE_URL (ID,FK_FUNCIONALIDADE,PRINCIPAL_URL,VIEW_ID,URL,LEGENDA) values ('9','2','S','pages/usuario/usuario.xhtml','usuario',null);
Insert into WEBACESSO.FUNCIONALIDADE_URL (ID,FK_FUNCIONALIDADE,PRINCIPAL_URL,VIEW_ID,URL,LEGENDA) values ('10','3','S','pages/funcionalidade/funcionalidade.xhtml','funcionalidade',null);
Insert into WEBACESSO.FUNCIONALIDADE_URL (ID,FK_FUNCIONALIDADE,PRINCIPAL_URL,VIEW_ID,URL,LEGENDA) values ('11','4','S','pages/perfil/perfil.xhtml','perfil',null);
Insert into WEBACESSO.FUNCIONALIDADE_URL (ID,FK_FUNCIONALIDADE,PRINCIPAL_URL,VIEW_ID,URL,LEGENDA) values ('12','7','S','pages/frequencia/frequencia.xhtml','frequencia',null);
Insert into WEBACESSO.FUNCIONALIDADE_URL (ID,FK_FUNCIONALIDADE,PRINCIPAL_URL,VIEW_ID,URL,LEGENDA) values ('13','10','S','pages/frequencia/feriado.xhtml','feriado',null);
Insert into WEBACESSO.FUNCIONALIDADE_URL (ID,FK_FUNCIONALIDADE,PRINCIPAL_URL,VIEW_ID,URL,LEGENDA) values ('14','19','S','pages/frequencia/autorizaHoraExtra.xhtml','autorizaHoraExtra',null);
Insert into WEBACESSO.FUNCIONALIDADE_URL (ID,FK_FUNCIONALIDADE,PRINCIPAL_URL,VIEW_ID,URL,LEGENDA) values ('15','13','S','pages/solicitacaocalculo.xhtml','solicitacaocalculo',null);
Insert into WEBACESSO.FUNCIONALIDADE_URL (ID,FK_FUNCIONALIDADE,PRINCIPAL_URL,VIEW_ID,URL,LEGENDA) values ('16','21','S','pages/feriado.xhtml','feriado',null);
Insert into WEBACESSO.FUNCIONALIDADE_URL (ID,FK_FUNCIONALIDADE,PRINCIPAL_URL,VIEW_ID,URL,LEGENDA) values ('18','15','S','pages/classificacao.xhtml','classificacao',null);
Insert into WEBACESSO.FUNCIONALIDADE_URL (ID,FK_FUNCIONALIDADE,PRINCIPAL_URL,VIEW_ID,URL,LEGENDA) values ('35','28','S','pages/gestor/unidadeSemGestor.xhtml','unidadeSemGestor',null);
Insert into WEBACESSO.FUNCIONALIDADE_URL (ID,FK_FUNCIONALIDADE,PRINCIPAL_URL,VIEW_ID,URL,LEGENDA) values ('36','29','S','pages/relatorio.xhtml','relatorio',null);
Insert into WEBACESSO.FUNCIONALIDADE_URL (ID,FK_FUNCIONALIDADE,PRINCIPAL_URL,VIEW_ID,URL,LEGENDA) values ('21','9','S','pages/frequencia/cargaHoraria.xhtml','cargaHoraria',null);
Insert into WEBACESSO.FUNCIONALIDADE_URL (ID,FK_FUNCIONALIDADE,PRINCIPAL_URL,VIEW_ID,URL,LEGENDA) values ('22','11','S','pages/frequencia/dispensaRegistro.xhtml','dispensa',null);
Insert into WEBACESSO.FUNCIONALIDADE_URL (ID,FK_FUNCIONALIDADE,PRINCIPAL_URL,VIEW_ID,URL,LEGENDA) values ('24','18','S','pages/calculos.xhtml','calculos',null);
Insert into WEBACESSO.FUNCIONALIDADE_URL (ID,FK_FUNCIONALIDADE,PRINCIPAL_URL,VIEW_ID,URL,LEGENDA) values ('25','20','S','pages/frequencia/bancoHora.xhtml','bancoHora',null);
Insert into WEBACESSO.FUNCIONALIDADE_URL (ID,FK_FUNCIONALIDADE,PRINCIPAL_URL,VIEW_ID,URL,LEGENDA) values ('33','15','N','pages/detalhecalculo.xhtml','detalhecalculo',null);
Insert into WEBACESSO.FUNCIONALIDADE_URL (ID,FK_FUNCIONALIDADE,PRINCIPAL_URL,VIEW_ID,URL,LEGENDA) values ('37','30','S','pages/frequencia/delegar.xhtml','delegar',null);
Insert into WEBACESSO.FUNCIONALIDADE_URL (ID,FK_FUNCIONALIDADE,PRINCIPAL_URL,VIEW_ID,URL,LEGENDA) values ('32','18','N','pages/detalhecalculo.xhtml','detalhecalculo',null);
Insert into WEBACESSO.FUNCIONALIDADE_URL (ID,FK_FUNCIONALIDADE,PRINCIPAL_URL,VIEW_ID,URL,LEGENDA) values ('45','39','S','pages/relatoriotarefas.xhtml','relatoriotarefas',null);
Insert into WEBACESSO.FUNCIONALIDADE_URL (ID,FK_FUNCIONALIDADE,PRINCIPAL_URL,VIEW_ID,URL,LEGENDA) values ('50','43','S','pages/configuracao.xhtml','configuracao',null);
Insert into WEBACESSO.FUNCIONALIDADE_URL (ID,FK_FUNCIONALIDADE,PRINCIPAL_URL,VIEW_ID,URL,LEGENDA) values ('73','61','S','pages/folga/direito.xhtml','direito',null);
Insert into WEBACESSO.FUNCIONALIDADE_URL (ID,FK_FUNCIONALIDADE,PRINCIPAL_URL,VIEW_ID,URL,LEGENDA) values ('74','27','S','pages/folga/folga.xhtml','folga',null);
Insert into WEBACESSO.FUNCIONALIDADE_URL (ID,FK_FUNCIONALIDADE,PRINCIPAL_URL,VIEW_ID,URL,LEGENDA) values ('83','66','N','fiscaladministrativo','fiscaladministrativo',null);
Insert into WEBACESSO.FUNCIONALIDADE_URL (ID,FK_FUNCIONALIDADE,PRINCIPAL_URL,VIEW_ID,URL,LEGENDA) values ('84','67','N','fiscaltecnico','fiscaltecnico',null);
Insert into WEBACESSO.FUNCIONALIDADE_URL (ID,FK_FUNCIONALIDADE,PRINCIPAL_URL,VIEW_ID,URL,LEGENDA) values ('94','68','N','ratflow/Create.xhtml','ratflow/Create.xhtml',null);
Insert into WEBACESSO.FUNCIONALIDADE_URL (ID,FK_FUNCIONALIDADE,PRINCIPAL_URL,VIEW_ID,URL,LEGENDA) values ('89','64','N','pages/detalharpesquisa.xhtml','detalharpesquisa',null);
Insert into WEBACESSO.FUNCIONALIDADE_URL (ID,FK_FUNCIONALIDADE,PRINCIPAL_URL,VIEW_ID,URL,LEGENDA) values ('92','68','N','ratflow/List.xhtml','ratflow/List.xhtml',null);
Insert into WEBACESSO.FUNCIONALIDADE_URL (ID,FK_FUNCIONALIDADE,PRINCIPAL_URL,VIEW_ID,URL,LEGENDA) values ('93','68','N','ratflow/Edit.xhtml','ratflow/Edit.xhtml',null);
Insert into WEBACESSO.FUNCIONALIDADE_URL (ID,FK_FUNCIONALIDADE,PRINCIPAL_URL,VIEW_ID,URL,LEGENDA) values ('95','68','N','ratflow/ItemEdit.xhtml','ratflow/ItemEdit.xhtml',null);
Insert into WEBACESSO.FUNCIONALIDADE_URL (ID,FK_FUNCIONALIDADE,PRINCIPAL_URL,VIEW_ID,URL,LEGENDA) values ('96','68','N','ratflow/ItemNovo.xhtml','ratflow/ItemNovo.xhtml',null);
Insert into WEBACESSO.FUNCIONALIDADE_URL (ID,FK_FUNCIONALIDADE,PRINCIPAL_URL,VIEW_ID,URL,LEGENDA) values ('97','68','N','calendarioferiadoflow/List.xhtml','calendarioferiadoflow/List.xhtml',null);
Insert into WEBACESSO.FUNCIONALIDADE_URL (ID,FK_FUNCIONALIDADE,PRINCIPAL_URL,VIEW_ID,URL,LEGENDA) values ('98','68','N','calendarioferiadoflow/Edit.xhtml','calendarioferiadoflow/Edit.xhtml',null);
Insert into WEBACESSO.FUNCIONALIDADE_URL (ID,FK_FUNCIONALIDADE,PRINCIPAL_URL,VIEW_ID,URL,LEGENDA) values ('99','68','N','calendarioferiadoflow/Create.xhtml','calendarioferiadoflow/Create.xhtml',null);
Insert into WEBACESSO.FUNCIONALIDADE_URL (ID,FK_FUNCIONALIDADE,PRINCIPAL_URL,VIEW_ID,URL,LEGENDA) values ('100','68','N','calendarioferiadoflow/ItemEdit.xhtml','calendarioferiadoflow/ItemEdit.xhtml',null);
Insert into WEBACESSO.FUNCIONALIDADE_URL (ID,FK_FUNCIONALIDADE,PRINCIPAL_URL,VIEW_ID,URL,LEGENDA) values ('101','68','N','calendarioferiadoflow/ItemNovo.xhtml','calendarioferiadoflow/ItemNovo.xhtml',null);
Insert into WEBACESSO.FUNCIONALIDADE_URL (ID,FK_FUNCIONALIDADE,PRINCIPAL_URL,VIEW_ID,URL,LEGENDA) values ('102','68','N','cargooufuncaoflow/List.xhtml','cargooufuncaoflow/List.xhtml',null);
Insert into WEBACESSO.FUNCIONALIDADE_URL (ID,FK_FUNCIONALIDADE,PRINCIPAL_URL,VIEW_ID,URL,LEGENDA) values ('103','68','N','cargooufuncaoflow/Edit.xhtml','cargooufuncaoflow/Edit.xhtml',null);
Insert into WEBACESSO.FUNCIONALIDADE_URL (ID,FK_FUNCIONALIDADE,PRINCIPAL_URL,VIEW_ID,URL,LEGENDA) values ('104','68','N','cargooufuncaoflow/Create.xhtml','cargooufuncaoflow/Create.xhtml',null);
Insert into WEBACESSO.FUNCIONALIDADE_URL (ID,FK_FUNCIONALIDADE,PRINCIPAL_URL,VIEW_ID,URL,LEGENDA) values ('105','68','N','encargoflow/List.xhtml','encargoflow/List.xhtml',null);
Insert into WEBACESSO.FUNCIONALIDADE_URL (ID,FK_FUNCIONALIDADE,PRINCIPAL_URL,VIEW_ID,URL,LEGENDA) values ('106','68','N','encargoflow/Edit.xhtml','encargoflow/Edit.xhtml',null);
Insert into WEBACESSO.FUNCIONALIDADE_URL (ID,FK_FUNCIONALIDADE,PRINCIPAL_URL,VIEW_ID,URL,LEGENDA) values ('107','68','N','encargoflow/Create.xhtml','encargoflow/Create.xhtml',null);
Insert into WEBACESSO.FUNCIONALIDADE_URL (ID,FK_FUNCIONALIDADE,PRINCIPAL_URL,VIEW_ID,URL,LEGENDA) values ('108','68','N','faturamentoitemeventoflow/List.xhtml','faturamentoitemeventoflow/List.xhtml',null);
Insert into WEBACESSO.FUNCIONALIDADE_URL (ID,FK_FUNCIONALIDADE,PRINCIPAL_URL,VIEW_ID,URL,LEGENDA) values ('109','68','N','faturamentoitemeventoflow/Edit.xhtml','faturamentoitemeventoflow/Edit.xhtml',null);
Insert into WEBACESSO.FUNCIONALIDADE_URL (ID,FK_FUNCIONALIDADE,PRINCIPAL_URL,VIEW_ID,URL,LEGENDA) values ('110','68','N','faturamentoitemeventoflow/Create.xhtml','faturamentoitemeventoflow/Create.xhtml',null);
Insert into WEBACESSO.FUNCIONALIDADE_URL (ID,FK_FUNCIONALIDADE,PRINCIPAL_URL,VIEW_ID,URL,LEGENDA) values ('111','68','N','fiscalespecieflow/List.xhtml','fiscalespecieflow/List.xhtml',null);
Insert into WEBACESSO.FUNCIONALIDADE_URL (ID,FK_FUNCIONALIDADE,PRINCIPAL_URL,VIEW_ID,URL,LEGENDA) values ('112','68','N','fiscalespecieflow/Edit.xhtml','fiscalespecieflow/Edit.xhtml',null);
Insert into WEBACESSO.FUNCIONALIDADE_URL (ID,FK_FUNCIONALIDADE,PRINCIPAL_URL,VIEW_ID,URL,LEGENDA) values ('113','68','N','fiscalespecieflow/Create.xhtml','fiscalespecieflow/Create.xhtml',null);
Insert into WEBACESSO.FUNCIONALIDADE_URL (ID,FK_FUNCIONALIDADE,PRINCIPAL_URL,VIEW_ID,URL,LEGENDA) values ('139','67','N','contratoporfiscalflow/List.xhtml','contratoporflowflow/List.xhtml',null);
Insert into WEBACESSO.FUNCIONALIDADE_URL (ID,FK_FUNCIONALIDADE,PRINCIPAL_URL,VIEW_ID,URL,LEGENDA) values ('140','67','N','contratoporfiscalflow/Edit.xhtml','contratoporflowflow/Edit.xhtml',null);
Insert into WEBACESSO.FUNCIONALIDADE_URL (ID,FK_FUNCIONALIDADE,PRINCIPAL_URL,VIEW_ID,URL,LEGENDA) values ('150','76','S','pages/eventoServidor.xhtml','eventoservidor',null);
Insert into WEBACESSO.FUNCIONALIDADE_URL (ID,FK_FUNCIONALIDADE,PRINCIPAL_URL,VIEW_ID,URL,LEGENDA) values ('151','77','S','pages/vidaFuncional.xhtml','vidafuncional',null);
Insert into WEBACESSO.FUNCIONALIDADE_URL (ID,FK_FUNCIONALIDADE,PRINCIPAL_URL,VIEW_ID,URL,LEGENDA) values ('152','78','N','compararetencoes/Passo01.xhtml','compararetencoes/Passo01.xhtml',null);
Insert into WEBACESSO.FUNCIONALIDADE_URL (ID,FK_FUNCIONALIDADE,PRINCIPAL_URL,VIEW_ID,URL,LEGENDA) values ('153','78','N','contratoporfiscaladministrativo/AliquotaEdit.xhtml','contratoporfiscaladministrativo/AliquotaEdit.xhtml',null);
Insert into WEBACESSO.FUNCIONALIDADE_URL (ID,FK_FUNCIONALIDADE,PRINCIPAL_URL,VIEW_ID,URL,LEGENDA) values ('154','78','N','contratoporfiscaladministrativo/AliquotaNova.xhtml','contratoporfiscaladministrativo/AliquotaNova.xhtml',null);
Insert into WEBACESSO.FUNCIONALIDADE_URL (ID,FK_FUNCIONALIDADE,PRINCIPAL_URL,VIEW_ID,URL,LEGENDA) values ('155','78','N','contratoporfiscaladministrativo/AlocacaoEdit.xhtml','contratoporfiscaladministrativo/AlocacaoEdit.xhtml',null);
Insert into WEBACESSO.FUNCIONALIDADE_URL (ID,FK_FUNCIONALIDADE,PRINCIPAL_URL,VIEW_ID,URL,LEGENDA) values ('156','78','N','contratoporfiscaladministrativo/AlocacaoNova.xhtml','contratoporfiscaladministrativo/AlocacaoNova.xhtml',null);
Insert into WEBACESSO.FUNCIONALIDADE_URL (ID,FK_FUNCIONALIDADE,PRINCIPAL_URL,VIEW_ID,URL,LEGENDA) values ('157','78','N','contratoporfiscaladministrativo/ContaEdit.xhtml','contratoporfiscaladministrativo/ContaEdit.xhtml',null);
Insert into WEBACESSO.FUNCIONALIDADE_URL (ID,FK_FUNCIONALIDADE,PRINCIPAL_URL,VIEW_ID,URL,LEGENDA) values ('158','78','N','contratoporfiscaladministrativo/ContaNova.xhtml','contratoporfiscaladministrativo/ContaNova.xhtml',null);
Insert into WEBACESSO.FUNCIONALIDADE_URL (ID,FK_FUNCIONALIDADE,PRINCIPAL_URL,VIEW_ID,URL,LEGENDA) values ('159','78','N','contratoporfiscaladministrativo/Create.xhtml','contratoporfiscaladministrativo/Create.xhtml',null);
Insert into WEBACESSO.FUNCIONALIDADE_URL (ID,FK_FUNCIONALIDADE,PRINCIPAL_URL,VIEW_ID,URL,LEGENDA) values ('160','78','N','contratoporfiscaladministrativo/Edit.xhtml','contratoporfiscaladministrativo/Edit.xhtml',null);
Insert into WEBACESSO.FUNCIONALIDADE_URL (ID,FK_FUNCIONALIDADE,PRINCIPAL_URL,VIEW_ID,URL,LEGENDA) values ('161','78','N','contratoporfiscaladministrativo/FaturamentoEdit.xhtml','contratoporfiscaladministrativo/FaturamentoEdit.xhtml',null);
Insert into WEBACESSO.FUNCIONALIDADE_URL (ID,FK_FUNCIONALIDADE,PRINCIPAL_URL,VIEW_ID,URL,LEGENDA) values ('162','78','N','contratoporfiscaladministrativo/FaturamentoNovo.xhtml','contratoporfiscaladministrativo/FaturamentoNovo.xhtml',null);
Insert into WEBACESSO.FUNCIONALIDADE_URL (ID,FK_FUNCIONALIDADE,PRINCIPAL_URL,VIEW_ID,URL,LEGENDA) values ('163','78','N','contratoporfiscaladministrativo/FiscalEdit.xhtml','contratoporfiscaladministrativo/FiscalEdit.xhtml',null);
Insert into WEBACESSO.FUNCIONALIDADE_URL (ID,FK_FUNCIONALIDADE,PRINCIPAL_URL,VIEW_ID,URL,LEGENDA) values ('164','78','N','contratoporfiscaladministrativo/FiscalNovo.xhtml','contratoporfiscaladministrativo/FiscalNovo.xhtml',null);
Insert into WEBACESSO.FUNCIONALIDADE_URL (ID,FK_FUNCIONALIDADE,PRINCIPAL_URL,VIEW_ID,URL,LEGENDA) values ('165','78','N','contratoporfiscaladministrativo/LiberacaoNova.xhtml','contratoporfiscaladministrativo/LiberacaoNova.xhtml',null);
Insert into WEBACESSO.FUNCIONALIDADE_URL (ID,FK_FUNCIONALIDADE,PRINCIPAL_URL,VIEW_ID,URL,LEGENDA) values ('166','78','N','contratoporfiscaladministrativo/List.xhtml','contratoporfiscaladministrativo/List.xhtml',null);
Insert into WEBACESSO.FUNCIONALIDADE_URL (ID,FK_FUNCIONALIDADE,PRINCIPAL_URL,VIEW_ID,URL,LEGENDA) values ('167','78','N','contratoporfiscaladministrativo/PostoEdit.xhtml','contratoporfiscaladministrativo/PostoEdit.xhtml',null);
Insert into WEBACESSO.FUNCIONALIDADE_URL (ID,FK_FUNCIONALIDADE,PRINCIPAL_URL,VIEW_ID,URL,LEGENDA) values ('168','78','N','contratoporfiscaladministrativo/PostoNovo.xhtml','contratoporfiscaladministrativo/PostoNovo.xhtml',null);
Insert into WEBACESSO.FUNCIONALIDADE_URL (ID,FK_FUNCIONALIDADE,PRINCIPAL_URL,VIEW_ID,URL,LEGENDA) values ('169','78','N','contratoporfiscaladministrativo/RemuneracaoEdit.xhtml','contratoporfiscaladministrativo/RemuneracaoEdit.xhtml',null);
Insert into WEBACESSO.FUNCIONALIDADE_URL (ID,FK_FUNCIONALIDADE,PRINCIPAL_URL,VIEW_ID,URL,LEGENDA) values ('170','78','N','contratoporfiscaladministrativo/RemuneracaoNova.xhtml','contratoporfiscaladministrativo/RemuneracaoNova.xhtml',null);
Insert into WEBACESSO.FUNCIONALIDADE_URL (ID,FK_FUNCIONALIDADE,PRINCIPAL_URL,VIEW_ID,URL,LEGENDA) values ('171','78','N','contratoporfiscaladministrativo/Retencao.xhtml','contratoporfiscaladministrativo/Retencao.xhtml',null);
Insert into WEBACESSO.FUNCIONALIDADE_URL (ID,FK_FUNCIONALIDADE,PRINCIPAL_URL,VIEW_ID,URL,LEGENDA) values ('172','78','N','fiscaladministrativo','fiscaladministrativo',null);
Insert into WEBACESSO.FUNCIONALIDADE_URL (ID,FK_FUNCIONALIDADE,PRINCIPAL_URL,VIEW_ID,URL,LEGENDA) values ('173','78','N','pessoajuridica/ColaboradorEdit.xhtml','pessoajuridica/ColaboradorEdit.xhtml',null);
Insert into WEBACESSO.FUNCIONALIDADE_URL (ID,FK_FUNCIONALIDADE,PRINCIPAL_URL,VIEW_ID,URL,LEGENDA) values ('174','78','N','pessoajuridica/ColaboradorNovo.xhtml','pessoajuridica/ColaboradorNovo.xhtml',null);
Insert into WEBACESSO.FUNCIONALIDADE_URL (ID,FK_FUNCIONALIDADE,PRINCIPAL_URL,VIEW_ID,URL,LEGENDA) values ('175','78','N','pessoajuridica/Create.xhtml','pessoajuridica/Create.xhtml',null);
Insert into WEBACESSO.FUNCIONALIDADE_URL (ID,FK_FUNCIONALIDADE,PRINCIPAL_URL,VIEW_ID,URL,LEGENDA) values ('176','78','N','pessoajuridica/Edit.xhtml','pessoajuridica/Edit.xhtml',null);
Insert into WEBACESSO.FUNCIONALIDADE_URL (ID,FK_FUNCIONALIDADE,PRINCIPAL_URL,VIEW_ID,URL,LEGENDA) values ('177','78','N','pessoajuridica/List.xhtml','pessoajuridica/List.xhtml',null);
Insert into WEBACESSO.FUNCIONALIDADE_URL (ID,FK_FUNCIONALIDADE,PRINCIPAL_URL,VIEW_ID,URL,LEGENDA) values ('178','78','N','pessoajuridica/SalarioEdit.xhtml','pessoajuridica/SalarioEdit.xhtml',null);
Insert into WEBACESSO.FUNCIONALIDADE_URL (ID,FK_FUNCIONALIDADE,PRINCIPAL_URL,VIEW_ID,URL,LEGENDA) values ('179','78','N','pessoajuridica/SalarioNovo.xhtml','pessoajuridica/SalarioNovo.xhtml',null);
Insert into WEBACESSO.FUNCIONALIDADE_URL (ID,FK_FUNCIONALIDADE,PRINCIPAL_URL,VIEW_ID,URL,LEGENDA) values ('180','79','N','contratoporfiscaltecnico/AlocacaoEdit.xhtml','contratoporfiscaltecnico/AlocacaoEdit.xhtml',null);
Insert into WEBACESSO.FUNCIONALIDADE_URL (ID,FK_FUNCIONALIDADE,PRINCIPAL_URL,VIEW_ID,URL,LEGENDA) values ('181','79','N','contratoporfiscaltecnico/AlocacaoNova.xhtml','contratoporfiscaltecnico/AlocacaoNova.xhtml',null);
Insert into WEBACESSO.FUNCIONALIDADE_URL (ID,FK_FUNCIONALIDADE,PRINCIPAL_URL,VIEW_ID,URL,LEGENDA) values ('182','79','N','contratoporfiscaltecnico/Edit.xhtml','contratoporfiscaltecnico/Edit.xhtml',null);
Insert into WEBACESSO.FUNCIONALIDADE_URL (ID,FK_FUNCIONALIDADE,PRINCIPAL_URL,VIEW_ID,URL,LEGENDA) values ('183','79','N','contratoporfiscaltecnico/FaturamentoEdit.xhtml','contratoporfiscaltecnico/FaturamentoEdit.xhtml',null);
Insert into WEBACESSO.FUNCIONALIDADE_URL (ID,FK_FUNCIONALIDADE,PRINCIPAL_URL,VIEW_ID,URL,LEGENDA) values ('184','79','N','contratoporfiscaltecnico/List.xhtml','contratoporfiscaltecnico/List.xhtml',null);
Insert into WEBACESSO.FUNCIONALIDADE_URL (ID,FK_FUNCIONALIDADE,PRINCIPAL_URL,VIEW_ID,URL,LEGENDA) values ('185','79','N','contratoporfiscaltecnico/PostoEdit.xhtml','contratoporfiscaltecnico/PostoEdit.xhtml',null);
Insert into WEBACESSO.FUNCIONALIDADE_URL (ID,FK_FUNCIONALIDADE,PRINCIPAL_URL,VIEW_ID,URL,LEGENDA) values ('186','79','N','fiscaltecnico','fiscaltecnico',null);
Insert into WEBACESSO.FUNCIONALIDADE_URL (ID,FK_FUNCIONALIDADE,PRINCIPAL_URL,VIEW_ID,URL,LEGENDA) values ('187','80','N','calendarioferiado/Create.xhtml','calendarioferiado/Create.xhtml',null);
Insert into WEBACESSO.FUNCIONALIDADE_URL (ID,FK_FUNCIONALIDADE,PRINCIPAL_URL,VIEW_ID,URL,LEGENDA) values ('188','80','N','calendarioferiado/Edit.xhtml','calendarioferiado/Edit.xhtml',null);
Insert into WEBACESSO.FUNCIONALIDADE_URL (ID,FK_FUNCIONALIDADE,PRINCIPAL_URL,VIEW_ID,URL,LEGENDA) values ('189','80','N','calendarioferiado/ItemEdit.xhtml','calendarioferiado/ItemEdit.xhtml',null);
Insert into WEBACESSO.FUNCIONALIDADE_URL (ID,FK_FUNCIONALIDADE,PRINCIPAL_URL,VIEW_ID,URL,LEGENDA) values ('190','80','N','calendarioferiado/ItemNovo.xhtml','calendarioferiado/ItemNovo.xhtml',null);
Insert into WEBACESSO.FUNCIONALIDADE_URL (ID,FK_FUNCIONALIDADE,PRINCIPAL_URL,VIEW_ID,URL,LEGENDA) values ('191','80','N','calendarioferiado/List.xhtml','calendarioferiado/List.xhtml',null);
Insert into WEBACESSO.FUNCIONALIDADE_URL (ID,FK_FUNCIONALIDADE,PRINCIPAL_URL,VIEW_ID,URL,LEGENDA) values ('192','80','N','cargooufuncao/Create.xhtml','cargooufuncao/Create.xhtml',null);
Insert into WEBACESSO.FUNCIONALIDADE_URL (ID,FK_FUNCIONALIDADE,PRINCIPAL_URL,VIEW_ID,URL,LEGENDA) values ('193','80','N','cargooufuncao/Edit.xhtml','cargooufuncao/Edit.xhtml',null);
Insert into WEBACESSO.FUNCIONALIDADE_URL (ID,FK_FUNCIONALIDADE,PRINCIPAL_URL,VIEW_ID,URL,LEGENDA) values ('194','80','N','cargooufuncao/List.xhtml','cargooufuncao/List.xhtml',null);
Insert into WEBACESSO.FUNCIONALIDADE_URL (ID,FK_FUNCIONALIDADE,PRINCIPAL_URL,VIEW_ID,URL,LEGENDA) values ('195','80','N','encargo/Create.xhtml','encargo/Create.xhtml',null);
Insert into WEBACESSO.FUNCIONALIDADE_URL (ID,FK_FUNCIONALIDADE,PRINCIPAL_URL,VIEW_ID,URL,LEGENDA) values ('196','80','N','encargo/Edit.xhtml','encargo/Edit.xhtml',null);
Insert into WEBACESSO.FUNCIONALIDADE_URL (ID,FK_FUNCIONALIDADE,PRINCIPAL_URL,VIEW_ID,URL,LEGENDA) values ('197','80','N','encargo/List.xhtml','encargo/List.xhtml',null);
Insert into WEBACESSO.FUNCIONALIDADE_URL (ID,FK_FUNCIONALIDADE,PRINCIPAL_URL,VIEW_ID,URL,LEGENDA) values ('198','80','N','faturamentoitemevento/Create.xhtml','faturamentoitemevento/Create.xhtml',null);
Insert into WEBACESSO.FUNCIONALIDADE_URL (ID,FK_FUNCIONALIDADE,PRINCIPAL_URL,VIEW_ID,URL,LEGENDA) values ('199','80','N','faturamentoitemevento/Edit.xhtml','faturamentoitemevento/Edit.xhtml',null);
Insert into WEBACESSO.FUNCIONALIDADE_URL (ID,FK_FUNCIONALIDADE,PRINCIPAL_URL,VIEW_ID,URL,LEGENDA) values ('200','80','N','faturamentoitemevento/List.xhtml','faturamentoitemevento/List.xhtml',null);
Insert into WEBACESSO.FUNCIONALIDADE_URL (ID,FK_FUNCIONALIDADE,PRINCIPAL_URL,VIEW_ID,URL,LEGENDA) values ('201','80','N','fiscalespecie/Create.xhtml','fiscalespecie/Create.xhtml',null);
Insert into WEBACESSO.FUNCIONALIDADE_URL (ID,FK_FUNCIONALIDADE,PRINCIPAL_URL,VIEW_ID,URL,LEGENDA) values ('202','80','N','fiscalespecie/Edit.xhtml','fiscalespecie/Edit.xhtml',null);
Insert into WEBACESSO.FUNCIONALIDADE_URL (ID,FK_FUNCIONALIDADE,PRINCIPAL_URL,VIEW_ID,URL,LEGENDA) values ('203','80','N','fiscalespecie/List.xhtml','fiscalespecie/List.xhtml',null);
Insert into WEBACESSO.FUNCIONALIDADE_URL (ID,FK_FUNCIONALIDADE,PRINCIPAL_URL,VIEW_ID,URL,LEGENDA) values ('204','80','N','rat/Create.xhtml','rat/Create.xhtml',null);
Insert into WEBACESSO.FUNCIONALIDADE_URL (ID,FK_FUNCIONALIDADE,PRINCIPAL_URL,VIEW_ID,URL,LEGENDA) values ('205','80','N','rat/Edit.xhtml','rat/Edit.xhtml',null);
Insert into WEBACESSO.FUNCIONALIDADE_URL (ID,FK_FUNCIONALIDADE,PRINCIPAL_URL,VIEW_ID,URL,LEGENDA) values ('206','80','N','rat/ItemEdit.xhtml','rat/ItemEdit.xhtml',null);
Insert into WEBACESSO.FUNCIONALIDADE_URL (ID,FK_FUNCIONALIDADE,PRINCIPAL_URL,VIEW_ID,URL,LEGENDA) values ('207','80','N','rat/ItemNovo.xhtml','rat/ItemNovo.xhtml',null);
Insert into WEBACESSO.FUNCIONALIDADE_URL (ID,FK_FUNCIONALIDADE,PRINCIPAL_URL,VIEW_ID,URL,LEGENDA) values ('208','80','N','rat/List.xhtml','rat/List.xhtml',null);
Insert into WEBACESSO.FUNCIONALIDADE_URL (ID,FK_FUNCIONALIDADE,PRINCIPAL_URL,VIEW_ID,URL,LEGENDA) values ('209','81','N','contavinculada','contavinculada.xhtml',null);
Insert into WEBACESSO.FUNCIONALIDADE_URL (ID,FK_FUNCIONALIDADE,PRINCIPAL_URL,VIEW_ID,URL,LEGENDA) values ('210','82','N','faturamentoitemevento/List.xhtml','faturamentoitemevento/List.xhtml',null);
Insert into WEBACESSO.FUNCIONALIDADE_URL (ID,FK_FUNCIONALIDADE,PRINCIPAL_URL,VIEW_ID,URL,LEGENDA) values ('56','32','N','pages/visualizarpesquisa.xhtml','visualizarpesquisa',null);
Insert into WEBACESSO.FUNCIONALIDADE_URL (ID,FK_FUNCIONALIDADE,PRINCIPAL_URL,VIEW_ID,URL,LEGENDA) values ('44','38','S','pages/afastamento.xhtml','afastamento',null);
Insert into WEBACESSO.FUNCIONALIDADE_URL (ID,FK_FUNCIONALIDADE,PRINCIPAL_URL,VIEW_ID,URL,LEGENDA) values ('55','48','S','pages/emitircertidao.xhtml','emitircertidao',null);
Insert into WEBACESSO.FUNCIONALIDADE_URL (ID,FK_FUNCIONALIDADE,PRINCIPAL_URL,VIEW_ID,URL,LEGENDA) values ('60','52','S','pages/causasocial.xhtml','causasocial',null);
Insert into WEBACESSO.FUNCIONALIDADE_URL (ID,FK_FUNCIONALIDADE,PRINCIPAL_URL,VIEW_ID,URL,LEGENDA) values ('61','53','S','pages/perfilpublico.xhtml','perfilpublico',null);
Insert into WEBACESSO.FUNCIONALIDADE_URL (ID,FK_FUNCIONALIDADE,PRINCIPAL_URL,VIEW_ID,URL,LEGENDA) values ('62','54','S','pages/perfilsocioprofissional.xhtml','perfilsocioprofissional',null);
Insert into WEBACESSO.FUNCIONALIDADE_URL (ID,FK_FUNCIONALIDADE,PRINCIPAL_URL,VIEW_ID,URL,LEGENDA) values ('143','67','N','contratoporfiscalflow/AlocacaoNova.xhtml','contratoporflowflow/AlocacaoNova.xhtml',null);
Insert into WEBACESSO.FUNCIONALIDADE_URL (ID,FK_FUNCIONALIDADE,PRINCIPAL_URL,VIEW_ID,URL,LEGENDA) values ('144','67','N','contratoporfiscalflow/FaturamentoEdit.xhtml','contratoporflowflow/FaturamentoEdit.xhtml',null);
Insert into WEBACESSO.FUNCIONALIDADE_URL (ID,FK_FUNCIONALIDADE,PRINCIPAL_URL,VIEW_ID,URL,LEGENDA) values ('121','66','N','contratoflow/List.xhtml','contratoflow/List.xhtml',null);
Insert into WEBACESSO.FUNCIONALIDADE_URL (ID,FK_FUNCIONALIDADE,PRINCIPAL_URL,VIEW_ID,URL,LEGENDA) values ('122','66','N','contratoflow/Edit.xhtml','contratoflow/Edit.xhtml',null);
Insert into WEBACESSO.FUNCIONALIDADE_URL (ID,FK_FUNCIONALIDADE,PRINCIPAL_URL,VIEW_ID,URL,LEGENDA) values ('123','66','N','contratoflow/Create.xhtml','contratoflow/Create.xhtml',null);
Insert into WEBACESSO.FUNCIONALIDADE_URL (ID,FK_FUNCIONALIDADE,PRINCIPAL_URL,VIEW_ID,URL,LEGENDA) values ('124','66','N','contratoflow/AliquotaEdit.xhtml','contratoflow/AliquotaEdit.xhtml',null);
Insert into WEBACESSO.FUNCIONALIDADE_URL (ID,FK_FUNCIONALIDADE,PRINCIPAL_URL,VIEW_ID,URL,LEGENDA) values ('125','66','N','contratoflow/AliquotaNova.xhtml','contratoflow/AliquotaNova.xhtml',null);
Insert into WEBACESSO.FUNCIONALIDADE_URL (ID,FK_FUNCIONALIDADE,PRINCIPAL_URL,VIEW_ID,URL,LEGENDA) values ('126','66','N','contratoflow/AlocacaoEdit.xhtml','contratoflow/AlocacaoEdit.xhtml',null);
Insert into WEBACESSO.FUNCIONALIDADE_URL (ID,FK_FUNCIONALIDADE,PRINCIPAL_URL,VIEW_ID,URL,LEGENDA) values ('127','66','N','contratoflow/AlocacaoNova.xhtml','contratoflow/AlocacaoNova.xhtml',null);
Insert into WEBACESSO.FUNCIONALIDADE_URL (ID,FK_FUNCIONALIDADE,PRINCIPAL_URL,VIEW_ID,URL,LEGENDA) values ('128','66','N','contratoflow/ContaEdit.xhtml','contratoflow/ContaEdit.xhtml',null);
Insert into WEBACESSO.FUNCIONALIDADE_URL (ID,FK_FUNCIONALIDADE,PRINCIPAL_URL,VIEW_ID,URL,LEGENDA) values ('129','66','N','contratoflow/ContaNova.xhtml','contratoflow/ContaNova.xhtml',null);
Insert into WEBACESSO.FUNCIONALIDADE_URL (ID,FK_FUNCIONALIDADE,PRINCIPAL_URL,VIEW_ID,URL,LEGENDA) values ('130','66','N','contratoflow/FaturamentoEdit.xhtml','contratoflow/FaturamentoEdit.xhtml',null);
Insert into WEBACESSO.FUNCIONALIDADE_URL (ID,FK_FUNCIONALIDADE,PRINCIPAL_URL,VIEW_ID,URL,LEGENDA) values ('131','66','N','contratoflow/FaturamentoNovo.xhtml','contratoflow/FaturamentoNovo.xhtml',null);
Insert into WEBACESSO.FUNCIONALIDADE_URL (ID,FK_FUNCIONALIDADE,PRINCIPAL_URL,VIEW_ID,URL,LEGENDA) values ('132','66','N','contratoflow/FiscalEdit.xhtml','contratoflow/FiscalEdit.xhtml',null);
Insert into WEBACESSO.FUNCIONALIDADE_URL (ID,FK_FUNCIONALIDADE,PRINCIPAL_URL,VIEW_ID,URL,LEGENDA) values ('133','66','N','contratoflow/FiscalNovo.xhtml','contratoflow/FiscalNovo.xhtml',null);
Insert into WEBACESSO.FUNCIONALIDADE_URL (ID,FK_FUNCIONALIDADE,PRINCIPAL_URL,VIEW_ID,URL,LEGENDA) values ('134','66','N','contratoflow/PostoEdit.xhtml','contratoflow/PostoEdit.xhtml',null);
Insert into WEBACESSO.FUNCIONALIDADE_URL (ID,FK_FUNCIONALIDADE,PRINCIPAL_URL,VIEW_ID,URL,LEGENDA) values ('135','66','N','contratoflow/PostoNovo.xhtml','contratoflow/PostoNovo.xhtml',null);
Insert into WEBACESSO.FUNCIONALIDADE_URL (ID,FK_FUNCIONALIDADE,PRINCIPAL_URL,VIEW_ID,URL,LEGENDA) values ('136','66','N','contratoflow/RemuneracaoEdit.xhtml','contratoflow/RemuneracaoEdit.xhtml',null);
Insert into WEBACESSO.FUNCIONALIDADE_URL (ID,FK_FUNCIONALIDADE,PRINCIPAL_URL,VIEW_ID,URL,LEGENDA) values ('137','66','N','contratoflow/RemuneracaoNova.xhtml','contratoflow/RemuneracaoNova.xhtml',null);
Insert into WEBACESSO.FUNCIONALIDADE_URL (ID,FK_FUNCIONALIDADE,PRINCIPAL_URL,VIEW_ID,URL,LEGENDA) values ('138','66','N','contratoflow/Retencao.xhtml','contratoflow/PostoEdit.xhtml',null);
Insert into WEBACESSO.FUNCIONALIDADE_URL (ID,FK_FUNCIONALIDADE,PRINCIPAL_URL,VIEW_ID,URL,LEGENDA) values ('141','67','N','contratoporfiscalflow/PostoEdit.xhtml','contratoporflowflow/PostoEdit.xhtml',null);
Insert into WEBACESSO.FUNCIONALIDADE_URL (ID,FK_FUNCIONALIDADE,PRINCIPAL_URL,VIEW_ID,URL,LEGENDA) values ('142','67','N','contratoporfiscalflow/AlocacaoEdit.xhtml','contratoporflowflow/AlocacaoEdit.xhtml',null);
Insert into WEBACESSO.FUNCIONALIDADE_URL (ID,FK_FUNCIONALIDADE,PRINCIPAL_URL,VIEW_ID,URL,LEGENDA) values ('147','66','N','compararetencoesflow/Passo01.xhtml','compararetencoesflow/Passo01.xhtml',null);
Insert into WEBACESSO.FUNCIONALIDADE_URL (ID,FK_FUNCIONALIDADE,PRINCIPAL_URL,VIEW_ID,URL,LEGENDA) values ('39','32','S','pages/pesquisapatrimonial.xhtml','pesquisapatrimonial',null);
Insert into WEBACESSO.FUNCIONALIDADE_URL (ID,FK_FUNCIONALIDADE,PRINCIPAL_URL,VIEW_ID,URL,LEGENDA) values ('42','34','S','pages/frequencia/relatorioBancoHora.xhtml','relatorioBancoHora',null);
Insert into WEBACESSO.FUNCIONALIDADE_URL (ID,FK_FUNCIONALIDADE,PRINCIPAL_URL,VIEW_ID,URL,LEGENDA) values ('48','41','S','pages/relatorioprodutividade.xhtml','relatorioprodutividade',null);
Insert into WEBACESSO.FUNCIONALIDADE_URL (ID,FK_FUNCIONALIDADE,PRINCIPAL_URL,VIEW_ID,URL,LEGENDA) values ('47','40','S','pages/relatorioprodutividade.xhtml','produtividade',null);
Insert into WEBACESSO.FUNCIONALIDADE_URL (ID,FK_FUNCIONALIDADE,PRINCIPAL_URL,VIEW_ID,URL,LEGENDA) values ('49','42','S','pages/areainteresse.xhtml','areainteresse',null);
Insert into WEBACESSO.FUNCIONALIDADE_URL (ID,FK_FUNCIONALIDADE,PRINCIPAL_URL,VIEW_ID,URL,LEGENDA) values ('63','55','S','pages/distribuicaolote.xhtml','distribuicaolote',null);
Insert into WEBACESSO.FUNCIONALIDADE_URL (ID,FK_FUNCIONALIDADE,PRINCIPAL_URL,VIEW_ID,URL,LEGENDA) values ('64','56','S','pages/perfilpostointeresse.xhtml','perfilpostointeresse',null);
Insert into WEBACESSO.FUNCIONALIDADE_URL (ID,FK_FUNCIONALIDADE,PRINCIPAL_URL,VIEW_ID,URL,LEGENDA) values ('87','70','S','pages/listapesquisas.xhtml','pesquisasrejeitadas',null);
Insert into WEBACESSO.FUNCIONALIDADE_URL (ID,FK_FUNCIONALIDADE,PRINCIPAL_URL,VIEW_ID,URL,LEGENDA) values ('88','63','N','pages/detalharpesquisa.xhtml','detalharpesquisa',null);
Insert into WEBACESSO.FUNCIONALIDADE_URL (ID,FK_FUNCIONALIDADE,PRINCIPAL_URL,VIEW_ID,URL,LEGENDA) values ('91','72','N','contavinculada','contavinculada.xhtml',null);
Insert into WEBACESSO.FUNCIONALIDADE_URL (ID,FK_FUNCIONALIDADE,PRINCIPAL_URL,VIEW_ID,URL,LEGENDA) values ('145','73','N','faturamentoitemeventoflow/List.xhtml','faturamentoitemeventoflow/List.xhtml',null);
Insert into WEBACESSO.FUNCIONALIDADE_URL (ID,FK_FUNCIONALIDADE,PRINCIPAL_URL,VIEW_ID,URL,LEGENDA) values ('146','66','N','contratoflow/LiberacaoNova.xhtml','contratoflow/LiberacaoNova.xhtml',null);
Insert into WEBACESSO.FUNCIONALIDADE_URL (ID,FK_FUNCIONALIDADE,PRINCIPAL_URL,VIEW_ID,URL,LEGENDA) values ('148','74','S','pages/vincularcnpjs.xhtml','vincularcnpjs',null);
Insert into WEBACESSO.FUNCIONALIDADE_URL (ID,FK_FUNCIONALIDADE,PRINCIPAL_URL,VIEW_ID,URL,LEGENDA) values ('40','33','S','pages/frequencia/relatorioSituacaoFrequencia.xhtml','relatorioSituacaoFrequencia',null);
Insert into WEBACESSO.FUNCIONALIDADE_URL (ID,FK_FUNCIONALIDADE,PRINCIPAL_URL,VIEW_ID,URL,LEGENDA) values ('53','47','S','pages/postointeresse.xhtml','postointeresse',null);
Insert into WEBACESSO.FUNCIONALIDADE_URL (ID,FK_FUNCIONALIDADE,PRINCIPAL_URL,VIEW_ID,URL,LEGENDA) values ('51','44','S','pages/faixaetaria.xhtml','faixaetaria',null);
Insert into WEBACESSO.FUNCIONALIDADE_URL (ID,FK_FUNCIONALIDADE,PRINCIPAL_URL,VIEW_ID,URL,LEGENDA) values ('52','45','S','pages/idioma.xhtml','idioma',null);
Insert into WEBACESSO.FUNCIONALIDADE_URL (ID,FK_FUNCIONALIDADE,PRINCIPAL_URL,VIEW_ID,URL,LEGENDA) values ('54','46','S','pages/nivelacademico.xhtml','nivelacademico',null);
Insert into WEBACESSO.FUNCIONALIDADE_URL (ID,FK_FUNCIONALIDADE,PRINCIPAL_URL,VIEW_ID,URL,LEGENDA) values ('57','49','S','pages/areaatuacao.xhtml','areaatuacao',null);
Insert into WEBACESSO.FUNCIONALIDADE_URL (ID,FK_FUNCIONALIDADE,PRINCIPAL_URL,VIEW_ID,URL,LEGENDA) values ('58','50','S','pages/competencia.xhtml','competencia',null);
Insert into WEBACESSO.FUNCIONALIDADE_URL (ID,FK_FUNCIONALIDADE,PRINCIPAL_URL,VIEW_ID,URL,LEGENDA) values ('59','51','S','pages/ocupacao.xhtml','ocupacao',null);
Insert into WEBACESSO.FUNCIONALIDADE_URL (ID,FK_FUNCIONALIDADE,PRINCIPAL_URL,VIEW_ID,URL,LEGENDA) values ('65','57','S','pages/pergunta.xhtml','pergunta',null);
Insert into WEBACESSO.FUNCIONALIDADE_URL (ID,FK_FUNCIONALIDADE,PRINCIPAL_URL,VIEW_ID,URL,LEGENDA) values ('66','58','S','pages/postocompetencia.xhtml','postocompetencia',null);
Insert into WEBACESSO.FUNCIONALIDADE_URL (ID,FK_FUNCIONALIDADE,PRINCIPAL_URL,VIEW_ID,URL,LEGENDA) values ('70','56','N','pages/perfilsocioprofissional.xhtml','perfilsocioprofissional',null);
Insert into WEBACESSO.FUNCIONALIDADE_URL (ID,FK_FUNCIONALIDADE,PRINCIPAL_URL,VIEW_ID,URL,LEGENDA) values ('75','62','S','pages/listapesquisas.xhtml','listapesquisas',null);
Insert into WEBACESSO.FUNCIONALIDADE_URL (ID,FK_FUNCIONALIDADE,PRINCIPAL_URL,VIEW_ID,URL,LEGENDA) values ('69','53','N','pages/perfilsocioprofissional.xhtml','perfilsocioprofissional',null);
Insert into WEBACESSO.FUNCIONALIDADE_URL (ID,FK_FUNCIONALIDADE,PRINCIPAL_URL,VIEW_ID,URL,LEGENDA) values ('76','63','S','pages/listarpesquisas.xhtml','listarpesquisas',null);
Insert into WEBACESSO.FUNCIONALIDADE_URL (ID,FK_FUNCIONALIDADE,PRINCIPAL_URL,VIEW_ID,URL,LEGENDA) values ('86','69','N','pages/detalharpesquisa.xhtml','detalharpesquisa',null);
Insert into WEBACESSO.FUNCIONALIDADE_URL (ID,FK_FUNCIONALIDADE,PRINCIPAL_URL,VIEW_ID,URL,LEGENDA) values ('78','64','S','pages/pesquisardevedor.xhtml','pesquisardevedor',null);
Insert into WEBACESSO.FUNCIONALIDADE_URL (ID,FK_FUNCIONALIDADE,PRINCIPAL_URL,VIEW_ID,URL,LEGENDA) values ('79','64','N','pages/solicitarpesquisa.xhtml','solicitarpesquisa',null);
Insert into WEBACESSO.FUNCIONALIDADE_URL (ID,FK_FUNCIONALIDADE,PRINCIPAL_URL,VIEW_ID,URL,LEGENDA) values ('80','64','N','pages/emitircertidao.xhtml','emitircertidao',null);
Insert into WEBACESSO.FUNCIONALIDADE_URL (ID,FK_FUNCIONALIDADE,PRINCIPAL_URL,VIEW_ID,URL,LEGENDA) values ('90','71','S','pages/frequencia/converteHoraExtraordinaria.xhtml','converteHoraExtraordinaria',null);
Insert into WEBACESSO.FUNCIONALIDADE_URL (ID,FK_FUNCIONALIDADE,PRINCIPAL_URL,VIEW_ID,URL,LEGENDA) values ('82','65','S','pages/manterconvenios.xhtml','manterconvenios',null);
Insert into WEBACESSO.FUNCIONALIDADE_URL (ID,FK_FUNCIONALIDADE,PRINCIPAL_URL,VIEW_ID,URL,LEGENDA) values ('114','66','N','pessoajuridicaflow/List.xhtml','pessoajuridicaflow/List.xhtml','(Listar)');
Insert into WEBACESSO.FUNCIONALIDADE_URL (ID,FK_FUNCIONALIDADE,PRINCIPAL_URL,VIEW_ID,URL,LEGENDA) values ('115','66','N','pessoajuridicaflow/Edit.xhtml','pessoajuridicaflow/Edit.xhtml','(Editar)');
Insert into WEBACESSO.FUNCIONALIDADE_URL (ID,FK_FUNCIONALIDADE,PRINCIPAL_URL,VIEW_ID,URL,LEGENDA) values ('116','66','N','pessoajuridicaflow/Create.xhtml','pessoajuridicaflow/Create.xhtml','(Criar)');
Insert into WEBACESSO.FUNCIONALIDADE_URL (ID,FK_FUNCIONALIDADE,PRINCIPAL_URL,VIEW_ID,URL,LEGENDA) values ('117','66','N','pessoajuridicaflow/SalarioEdit.xhtml','pessoajuridicaflow/SalarioEdit.xhtml','Colaborador (Editar) / Salario (Editar)');
Insert into WEBACESSO.FUNCIONALIDADE_URL (ID,FK_FUNCIONALIDADE,PRINCIPAL_URL,VIEW_ID,URL,LEGENDA) values ('118','66','N','pessoajuridicaflow/SalarioNovo.xhtml','pessoajuridicaflow/SalarioNovo.xhtml','Colaborador (Editar) / Salario (Novo)');
Insert into WEBACESSO.FUNCIONALIDADE_URL (ID,FK_FUNCIONALIDADE,PRINCIPAL_URL,VIEW_ID,URL,LEGENDA) values ('119','66','N','pessoajuridicaflow/ColaboradorEdit.xhtml','pessoajuridicaflow/ColaboradorEdit.xhtml','Colaborador (Editar)');
Insert into WEBACESSO.FUNCIONALIDADE_URL (ID,FK_FUNCIONALIDADE,PRINCIPAL_URL,VIEW_ID,URL,LEGENDA) values ('120','66','N','pessoajuridicaflow/ColaboradorNovo.xhtml','pessoajuridicaflow/ColaboradorNovo.xhtml','Colaborador (Novo)');
Insert into WEBACESSO.FUNCIONALIDADE_URL (ID,FK_FUNCIONALIDADE,PRINCIPAL_URL,VIEW_ID,URL,LEGENDA) values ('149','75','S','pages/tipoEvento.xhtml','tipoevento',null);
Insert into WEBACESSO.FUNCIONALIDADE_URL (ID,FK_FUNCIONALIDADE,PRINCIPAL_URL,VIEW_ID,URL,LEGENDA) values ('211','81','N','contratoadministrador/List.xhtml','contratoadministrador/List.xhtml',null);
Insert into WEBACESSO.FUNCIONALIDADE_URL (ID,FK_FUNCIONALIDADE,PRINCIPAL_URL,VIEW_ID,URL,LEGENDA) values ('212','81','N','contratoadministrador/AliquotaEdit.xhtml','contratoadministrador/AliquotaEdit.xhtml',null);
Insert into WEBACESSO.FUNCIONALIDADE_URL (ID,FK_FUNCIONALIDADE,PRINCIPAL_URL,VIEW_ID,URL,LEGENDA) values ('213','81','N','contratoadministrador/AliquotaNova.xhtml','contratoadministrador/AliquotaNova.xhtml',null);
Insert into WEBACESSO.FUNCIONALIDADE_URL (ID,FK_FUNCIONALIDADE,PRINCIPAL_URL,VIEW_ID,URL,LEGENDA) values ('214','81','N','contratoadministrador/AlocacaoEdit.xhtml','contratoadministrador/AlocacaoEdit.xhtml',null);
Insert into WEBACESSO.FUNCIONALIDADE_URL (ID,FK_FUNCIONALIDADE,PRINCIPAL_URL,VIEW_ID,URL,LEGENDA) values ('215','81','N','contratoadministrador/AlocacaoNova.xhtml','contratoadministrador/AlocacaoNova.xhtml',null);
Insert into WEBACESSO.FUNCIONALIDADE_URL (ID,FK_FUNCIONALIDADE,PRINCIPAL_URL,VIEW_ID,URL,LEGENDA) values ('216','81','N','contratoadministrador/ContaEdit.xhtml','contratoadministrador/ContaEdit.xhtml',null);
Insert into WEBACESSO.FUNCIONALIDADE_URL (ID,FK_FUNCIONALIDADE,PRINCIPAL_URL,VIEW_ID,URL,LEGENDA) values ('217','81','N','contratoadministrador/ContaNova.xhtml','contratoadministrador/ContaNova.xhtml',null);
Insert into WEBACESSO.FUNCIONALIDADE_URL (ID,FK_FUNCIONALIDADE,PRINCIPAL_URL,VIEW_ID,URL,LEGENDA) values ('218','81','N','contratoadministrador/Create.xhtml','contratoadministrador/Create.xhtml',null);
Insert into WEBACESSO.FUNCIONALIDADE_URL (ID,FK_FUNCIONALIDADE,PRINCIPAL_URL,VIEW_ID,URL,LEGENDA) values ('219','81','N','contratoadministrador/Edit.xhtml','contratoadministrador/Edit.xhtml',null);
Insert into WEBACESSO.FUNCIONALIDADE_URL (ID,FK_FUNCIONALIDADE,PRINCIPAL_URL,VIEW_ID,URL,LEGENDA) values ('220','81','N','contratoadministrador/FaturamentoEdit.xhtml','contratoadministrador/FaturamentoEdit.xhtml',null);
Insert into WEBACESSO.FUNCIONALIDADE_URL (ID,FK_FUNCIONALIDADE,PRINCIPAL_URL,VIEW_ID,URL,LEGENDA) values ('221','81','N','contratoadministrador/FaturamentoNovo.xhtml','contratoadministrador/FaturamentoNovo.xhtml',null);
Insert into WEBACESSO.FUNCIONALIDADE_URL (ID,FK_FUNCIONALIDADE,PRINCIPAL_URL,VIEW_ID,URL,LEGENDA) values ('222','81','N','contratoadministrador/FiscalEdit.xhtml','contratoadministrador/FiscalEdit.xhtml',null);
Insert into WEBACESSO.FUNCIONALIDADE_URL (ID,FK_FUNCIONALIDADE,PRINCIPAL_URL,VIEW_ID,URL,LEGENDA) values ('223','81','N','contratoadministrador/FiscalNovo.xhtml','contratoadministrador/FiscalNovo.xhtml',null);
Insert into WEBACESSO.FUNCIONALIDADE_URL (ID,FK_FUNCIONALIDADE,PRINCIPAL_URL,VIEW_ID,URL,LEGENDA) values ('224','81','N','contratoadministrador/LiberacaoNova.xhtml','contratoadministrador/LiberacaoNova.xhtml',null);
Insert into WEBACESSO.FUNCIONALIDADE_URL (ID,FK_FUNCIONALIDADE,PRINCIPAL_URL,VIEW_ID,URL,LEGENDA) values ('226','81','N','contratoadministrador/PostoEdit.xhtml','contratoadministrador/PostoEdit.xhtml',null);
Insert into WEBACESSO.FUNCIONALIDADE_URL (ID,FK_FUNCIONALIDADE,PRINCIPAL_URL,VIEW_ID,URL,LEGENDA) values ('227','81','N','contratoadministrador/PostoNovo.xhtml','contratoadministrador/PostoNovo.xhtml',null);
Insert into WEBACESSO.FUNCIONALIDADE_URL (ID,FK_FUNCIONALIDADE,PRINCIPAL_URL,VIEW_ID,URL,LEGENDA) values ('228','81','N','contratoadministrador/RemuneracaoEdit.xhtml','contratoadministrador/RemuneracaoEdit.xhtml',null);
Insert into WEBACESSO.FUNCIONALIDADE_URL (ID,FK_FUNCIONALIDADE,PRINCIPAL_URL,VIEW_ID,URL,LEGENDA) values ('229','81','N','contratoadministrador/RemuneracaoNova.xhtml','contratoadministrador/RemuneracaoNova.xhtml',null);
Insert into WEBACESSO.FUNCIONALIDADE_URL (ID,FK_FUNCIONALIDADE,PRINCIPAL_URL,VIEW_ID,URL,LEGENDA) values ('230','81','N','contratoadministrador/Retencao.xhtml','contratoadministrador/Retencao.xhtml',null);
REM INSERTING into WEBACESSO.HT_RECURSO
SET DEFINE OFF;
REM INSERTING into WEBACESSO.PERFIL
SET DEFINE OFF;
Insert into WEBACESSO.PERFIL (ID,FK_SISTEMA,DESCRICAO,SIGLA,DATA_CADASTRO,DATA_EXCLUIDO,USUARIO_CADASTRO,USUARIO_EXCLUIR) values ('5','1','PERFIL ADMINISTRADOR','ADMINISTRADOR',to_timestamp('2015/10/07 10:38:24,462000000','YYYY/MM/DD HH24:MI:SSXFF'),null,'H045-3',null);
Insert into WEBACESSO.PERFIL (ID,FK_SISTEMA,DESCRICAO,SIGLA,DATA_CADASTRO,DATA_EXCLUIDO,USUARIO_CADASTRO,USUARIO_EXCLUIR) values ('18','1','PERFIL CADASTRO USUÁRIO EXTERNO','USUARIO_EXTERNO',to_timestamp('2015/10/07 12:16:35,784000000','YYYY/MM/DD HH24:MI:SSXFF'),null,'H045-3',null);
Insert into WEBACESSO.PERFIL (ID,FK_SISTEMA,DESCRICAO,SIGLA,DATA_CADASTRO,DATA_EXCLUIDO,USUARIO_CADASTRO,USUARIO_EXCLUIR) values ('21','2','PERFIL ADMINISTRADOR','ADMINISTRADOR',to_timestamp('2015/11/23 07:27:01,172000000','YYYY/MM/DD HH24:MI:SSXFF'),null,'H045-3',null);
Insert into WEBACESSO.PERFIL (ID,FK_SISTEMA,DESCRICAO,SIGLA,DATA_CADASTRO,DATA_EXCLUIDO,USUARIO_CADASTRO,USUARIO_EXCLUIR) values ('22','2','PERFIL CHEFIA','PERFIL_CHEFIA',to_timestamp('2015/12/14 09:19:30,585000000','YYYY/MM/DD HH24:MI:SSXFF'),null,'H045-3',null);
Insert into WEBACESSO.PERFIL (ID,FK_SISTEMA,DESCRICAO,SIGLA,DATA_CADASTRO,DATA_EXCLUIDO,USUARIO_CADASTRO,USUARIO_EXCLUIR) values ('23','2','PERFIL SERVIDOR','PERFIL_PUBLICO',to_timestamp('2015/12/22 09:58:51,585000000','YYYY/MM/DD HH24:MI:SSXFF'),null,'H045-3',null);
Insert into WEBACESSO.PERFIL (ID,FK_SISTEMA,DESCRICAO,SIGLA,DATA_CADASTRO,DATA_EXCLUIDO,USUARIO_CADASTRO,USUARIO_EXCLUIR) values ('30','3','PERFIL SOLICITANTE JS','SOLICITANTE_JUIZ_SUBSTITUTO',to_timestamp('2016/03/29 08:52:27,733000000','YYYY/MM/DD HH24:MI:SSXFF'),null,'H045-3',null);
Insert into WEBACESSO.PERFIL (ID,FK_SISTEMA,DESCRICAO,SIGLA,DATA_CADASTRO,DATA_EXCLUIDO,USUARIO_CADASTRO,USUARIO_EXCLUIR) values ('31','2','PERFIL GESTOR','PERFIL_GESTOR',to_timestamp('2016/04/12 13:32:34,248000000','YYYY/MM/DD HH24:MI:SSXFF'),null,'H045-3',null);
Insert into WEBACESSO.PERFIL (ID,FK_SISTEMA,DESCRICAO,SIGLA,DATA_CADASTRO,DATA_EXCLUIDO,USUARIO_CADASTRO,USUARIO_EXCLUIR) values ('32','2','PERFIL MAGISTRADO','PERFIL_DESEMBARGADOR',to_timestamp('2016/04/12 15:25:12,292000000','YYYY/MM/DD HH24:MI:SSXFF'),null,'H045-3',null);
Insert into WEBACESSO.PERFIL (ID,FK_SISTEMA,DESCRICAO,SIGLA,DATA_CADASTRO,DATA_EXCLUIDO,USUARIO_CADASTRO,USUARIO_EXCLUIR) values ('33','2','PERFIL MAGISTRADO','PERFIL_JUIZ_TITULAR',to_timestamp('2016/04/12 15:25:48,478000000','YYYY/MM/DD HH24:MI:SSXFF'),null,'H045-3',null);
Insert into WEBACESSO.PERFIL (ID,FK_SISTEMA,DESCRICAO,SIGLA,DATA_CADASTRO,DATA_EXCLUIDO,USUARIO_CADASTRO,USUARIO_EXCLUIR) values ('35','2','PERFIL GESTÃO FUNCIONAL','GESTAO_FUNCIONAL',to_timestamp('2016/04/22 08:19:37,122000000','YYYY/MM/DD HH24:MI:SSXFF'),null,'H045-3',null);
Insert into WEBACESSO.PERFIL (ID,FK_SISTEMA,DESCRICAO,SIGLA,DATA_CADASTRO,DATA_EXCLUIDO,USUARIO_CADASTRO,USUARIO_EXCLUIR) values ('34','2','PERFIL FOLHA DE PAGAMENTO','INFORMAR_PAGAMENTO',to_timestamp('2016/04/15 13:19:55,488000000','YYYY/MM/DD HH24:MI:SSXFF'),null,'H045-3',null);
Insert into WEBACESSO.PERFIL (ID,FK_SISTEMA,DESCRICAO,SIGLA,DATA_CADASTRO,DATA_EXCLUIDO,USUARIO_CADASTRO,USUARIO_EXCLUIR) values ('27','3','PERFIL SOLICITANTE','SOLICITANTE',to_timestamp('2016/03/16 08:59:43,738000000','YYYY/MM/DD HH24:MI:SSXFF'),null,'H045-3',null);
Insert into WEBACESSO.PERFIL (ID,FK_SISTEMA,DESCRICAO,SIGLA,DATA_CADASTRO,DATA_EXCLUIDO,USUARIO_CADASTRO,USUARIO_EXCLUIR) values ('28','3','PERFIL CALCULISTA','CALCULISTA',to_timestamp('2016/03/16 09:02:30,712000000','YYYY/MM/DD HH24:MI:SSXFF'),null,'H045-3',null);
Insert into WEBACESSO.PERFIL (ID,FK_SISTEMA,DESCRICAO,SIGLA,DATA_CADASTRO,DATA_EXCLUIDO,USUARIO_CADASTRO,USUARIO_EXCLUIR) values ('29','3','PERFIL SUPORTE E DISTRIBUIÇÃO','SUPORTE_DISTRIBUICAO',to_timestamp('2016/03/18 08:27:45,640000000','YYYY/MM/DD HH24:MI:SSXFF'),null,'H045-3',null);
Insert into WEBACESSO.PERFIL (ID,FK_SISTEMA,DESCRICAO,SIGLA,DATA_CADASTRO,DATA_EXCLUIDO,USUARIO_CADASTRO,USUARIO_EXCLUIR) values ('26','3','PERFIL ADMINISTRADOR','ADMINISTRADOR',to_timestamp('2016/01/27 09:08:53,314000000','YYYY/MM/DD HH24:MI:SSXFF'),null,'J129-9',null);
Insert into WEBACESSO.PERFIL (ID,FK_SISTEMA,DESCRICAO,SIGLA,DATA_CADASTRO,DATA_EXCLUIDO,USUARIO_CADASTRO,USUARIO_EXCLUIR) values ('38','3','PERFIL SOLICITANTE JT','SOLICITANTE_JUIZ_TITULAR',to_timestamp('2016/07/15 09:12:28,855000000','YYYY/MM/DD HH24:MI:SSXFF'),null,'R098-9',null);
Insert into WEBACESSO.PERFIL (ID,FK_SISTEMA,DESCRICAO,SIGLA,DATA_CADASTRO,DATA_EXCLUIDO,USUARIO_CADASTRO,USUARIO_EXCLUIR) values ('41','6','PERFIL OPERADOR','OPERADOR',to_timestamp('2016/08/03 12:32:57,538000000','YYYY/MM/DD HH24:MI:SSXFF'),to_timestamp('2016/08/31 16:26:46,096000000','YYYY/MM/DD HH24:MI:SSXFF'),'R057-1','H045-3');
Insert into WEBACESSO.PERFIL (ID,FK_SISTEMA,DESCRICAO,SIGLA,DATA_CADASTRO,DATA_EXCLUIDO,USUARIO_CADASTRO,USUARIO_EXCLUIR) values ('42','6','PERFIL SERVIDOR','SERVIDOR',to_timestamp('2016/08/08 11:45:46,849000000','YYYY/MM/DD HH24:MI:SSXFF'),null,'R057-1',null);
Insert into WEBACESSO.PERFIL (ID,FK_SISTEMA,DESCRICAO,SIGLA,DATA_CADASTRO,DATA_EXCLUIDO,USUARIO_CADASTRO,USUARIO_EXCLUIR) values ('43','6','PERFIL PESQUISA','PESQUISA',to_timestamp('2016/08/29 10:20:30,361000000','YYYY/MM/DD HH24:MI:SSXFF'),null,'R057-1',null);
Insert into WEBACESSO.PERFIL (ID,FK_SISTEMA,DESCRICAO,SIGLA,DATA_CADASTRO,DATA_EXCLUIDO,USUARIO_CADASTRO,USUARIO_EXCLUIR) values ('49','4','PERFIL CAESC','CAESC',to_timestamp('2016/10/11 12:50:52,836000000','YYYY/MM/DD HH24:MI:SSXFF'),null,'R098-9',null);
Insert into WEBACESSO.PERFIL (ID,FK_SISTEMA,DESCRICAO,SIGLA,DATA_CADASTRO,DATA_EXCLUIDO,USUARIO_CADASTRO,USUARIO_EXCLUIR) values ('50','4','PERFIL VARA','VARA',to_timestamp('2016/10/11 12:54:32,593000000','YYYY/MM/DD HH24:MI:SSXFF'),null,'R098-9',null);
Insert into WEBACESSO.PERFIL (ID,FK_SISTEMA,DESCRICAO,SIGLA,DATA_CADASTRO,DATA_EXCLUIDO,USUARIO_CADASTRO,USUARIO_EXCLUIR) values ('58','10','ADMINISTRADOR','ADM',to_timestamp('2016/10/06 10:58:36,835000000','YYYY/MM/DD HH24:MI:SSXFF'),null,'J129-9',null);
Insert into WEBACESSO.PERFIL (ID,FK_SISTEMA,DESCRICAO,SIGLA,DATA_CADASTRO,DATA_EXCLUIDO,USUARIO_CADASTRO,USUARIO_EXCLUIR) values ('59','10','ORÇAMENTO E FINANÇAS','OF',to_timestamp('2016/11/04 13:08:17,894000000','YYYY/MM/DD HH24:MI:SSXFF'),null,'J129-9',null);
Insert into WEBACESSO.PERFIL (ID,FK_SISTEMA,DESCRICAO,SIGLA,DATA_CADASTRO,DATA_EXCLUIDO,USUARIO_CADASTRO,USUARIO_EXCLUIR) values ('60','10','FISCAL TÉCNICO','FTEC',to_timestamp('2016/10/17 11:22:09,178000000','YYYY/MM/DD HH24:MI:SSXFF'),null,'J129-9',null);
Insert into WEBACESSO.PERFIL (ID,FK_SISTEMA,DESCRICAO,SIGLA,DATA_CADASTRO,DATA_EXCLUIDO,USUARIO_CADASTRO,USUARIO_EXCLUIR) values ('61','10','FISCAL ADMINISTRATIVO','FADM',to_timestamp('2016/10/17 11:22:29,066000000','YYYY/MM/DD HH24:MI:SSXFF'),null,'J129-9',null);
Insert into WEBACESSO.PERFIL (ID,FK_SISTEMA,DESCRICAO,SIGLA,DATA_CADASTRO,DATA_EXCLUIDO,USUARIO_CADASTRO,USUARIO_EXCLUIR) values ('62','10','COORDENADORIA DE CONTRATOS E CONVÊNIOS','CCC',to_timestamp('2016/10/17 11:23:53,373000000','YYYY/MM/DD HH24:MI:SSXFF'),null,'J129-9',null);
Insert into WEBACESSO.PERFIL (ID,FK_SISTEMA,DESCRICAO,SIGLA,DATA_CADASTRO,DATA_EXCLUIDO,USUARIO_CADASTRO,USUARIO_EXCLUIR) values ('48','8','ADMINISTRADOR','ADM',to_timestamp('2016/10/06 10:58:36,835000000','YYYY/MM/DD HH24:MI:SSXFF'),null,'J129-9',null);
Insert into WEBACESSO.PERFIL (ID,FK_SISTEMA,DESCRICAO,SIGLA,DATA_CADASTRO,DATA_EXCLUIDO,USUARIO_CADASTRO,USUARIO_EXCLUIR) values ('54','4','PERFIL CORREGEDORIA','CORREGEDORIA',to_timestamp('2016/10/18 08:22:12,439000000','YYYY/MM/DD HH24:MI:SSXFF'),null,'R098-9',null);
Insert into WEBACESSO.PERFIL (ID,FK_SISTEMA,DESCRICAO,SIGLA,DATA_CADASTRO,DATA_EXCLUIDO,USUARIO_CADASTRO,USUARIO_EXCLUIR) values ('36','4','PERFIL ADMINISTRADOR','ADMINISTRADOR',to_timestamp('2016/05/20 07:43:13,012000000','YYYY/MM/DD HH24:MI:SSXFF'),to_timestamp('2016/10/04 14:14:44,963000000','YYYY/MM/DD HH24:MI:SSXFF'),'H045-3','R098-9');
Insert into WEBACESSO.PERFIL (ID,FK_SISTEMA,DESCRICAO,SIGLA,DATA_CADASTRO,DATA_EXCLUIDO,USUARIO_CADASTRO,USUARIO_EXCLUIR) values ('37','6','PERFIL ADMINISTRADOR','ADMINISTRADOR',to_timestamp('2016/07/07 10:50:27,099000000','YYYY/MM/DD HH24:MI:SSXFF'),null,'R057-1',null);
Insert into WEBACESSO.PERFIL (ID,FK_SISTEMA,DESCRICAO,SIGLA,DATA_CADASTRO,DATA_EXCLUIDO,USUARIO_CADASTRO,USUARIO_EXCLUIR) values ('39','4','GERENTE','GERENTE',to_timestamp('2016/07/28 09:35:58,000000000','YYYY/MM/DD HH24:MI:SSXFF'),to_timestamp('2016/10/04 14:14:42,866000000','YYYY/MM/DD HH24:MI:SSXFF'),'R098-9','R098-9');
Insert into WEBACESSO.PERFIL (ID,FK_SISTEMA,DESCRICAO,SIGLA,DATA_CADASTRO,DATA_EXCLUIDO,USUARIO_CADASTRO,USUARIO_EXCLUIR) values ('40','4','UNIDADE JUDICIÁRIA','UNIDADE_JUDICIARIA',to_timestamp('2016/07/28 09:38:35,000000000','YYYY/MM/DD HH24:MI:SSXFF'),to_timestamp('2016/10/04 14:14:46,995000000','YYYY/MM/DD HH24:MI:SSXFF'),'R098-9','R098-9');
Insert into WEBACESSO.PERFIL (ID,FK_SISTEMA,DESCRICAO,SIGLA,DATA_CADASTRO,DATA_EXCLUIDO,USUARIO_CADASTRO,USUARIO_EXCLUIR) values ('56','8','ORÇAMENTO E FINANÇAS','OF',to_timestamp('2016/11/04 13:08:17,894000000','YYYY/MM/DD HH24:MI:SSXFF'),null,'J129-9',null);
Insert into WEBACESSO.PERFIL (ID,FK_SISTEMA,DESCRICAO,SIGLA,DATA_CADASTRO,DATA_EXCLUIDO,USUARIO_CADASTRO,USUARIO_EXCLUIR) values ('44','2','PERFIL AUTORIZA HORA EXTRA','HORA_EXTRA',to_timestamp('2016/09/15 11:05:12,473000000','YYYY/MM/DD HH24:MI:SSXFF'),null,'H045-3',null);
Insert into WEBACESSO.PERFIL (ID,FK_SISTEMA,DESCRICAO,SIGLA,DATA_CADASTRO,DATA_EXCLUIDO,USUARIO_CADASTRO,USUARIO_EXCLUIR) values ('46','2','PERFIL ATENDIMENTO MAGISTRADO','ATENDIMENTO_MAGISTRADO',to_timestamp('2016/09/26 12:46:00,158000000','YYYY/MM/DD HH24:MI:SSXFF'),null,'H045-3',null);
Insert into WEBACESSO.PERFIL (ID,FK_SISTEMA,DESCRICAO,SIGLA,DATA_CADASTRO,DATA_EXCLUIDO,USUARIO_CADASTRO,USUARIO_EXCLUIR) values ('47','4','PERFIL ADMINISTRADOR','ADMINISTRADOR',to_timestamp('2016/10/04 14:35:12,605000000','YYYY/MM/DD HH24:MI:SSXFF'),null,'R098-9',null);
Insert into WEBACESSO.PERFIL (ID,FK_SISTEMA,DESCRICAO,SIGLA,DATA_CADASTRO,DATA_EXCLUIDO,USUARIO_CADASTRO,USUARIO_EXCLUIR) values ('51','8','FISCAL TÉCNICO','FTEC',to_timestamp('2016/10/17 11:22:09,178000000','YYYY/MM/DD HH24:MI:SSXFF'),null,'J129-9',null);
Insert into WEBACESSO.PERFIL (ID,FK_SISTEMA,DESCRICAO,SIGLA,DATA_CADASTRO,DATA_EXCLUIDO,USUARIO_CADASTRO,USUARIO_EXCLUIR) values ('52','8','FISCAL ADMINISTRATIVO','FADM',to_timestamp('2016/10/17 11:22:29,066000000','YYYY/MM/DD HH24:MI:SSXFF'),null,'J129-9',null);
Insert into WEBACESSO.PERFIL (ID,FK_SISTEMA,DESCRICAO,SIGLA,DATA_CADASTRO,DATA_EXCLUIDO,USUARIO_CADASTRO,USUARIO_EXCLUIR) values ('53','8','COORDENADORIA DE CONTRATOS E CONVÊNIOS','CCC',to_timestamp('2016/10/17 11:23:53,373000000','YYYY/MM/DD HH24:MI:SSXFF'),null,'J129-9',null);
Insert into WEBACESSO.PERFIL (ID,FK_SISTEMA,DESCRICAO,SIGLA,DATA_CADASTRO,DATA_EXCLUIDO,USUARIO_CADASTRO,USUARIO_EXCLUIR) values ('57','9','PERFIL ADMINISTRADOR','ADMINISTRADOR',to_timestamp('2016/12/06 10:16:14,675000000','YYYY/MM/DD HH24:MI:SSXFF'),null,'H045-3',null);
REM INSERTING into WEBACESSO.PERFIL_FUNCIONALIDADE
SET DEFINE OFF;
Insert into WEBACESSO.PERFIL_FUNCIONALIDADE (FK_PERFIL,FK_FUNCIONALIDADE) values ('5','1');
Insert into WEBACESSO.PERFIL_FUNCIONALIDADE (FK_PERFIL,FK_FUNCIONALIDADE) values ('5','2');
Insert into WEBACESSO.PERFIL_FUNCIONALIDADE (FK_PERFIL,FK_FUNCIONALIDADE) values ('5','3');
Insert into WEBACESSO.PERFIL_FUNCIONALIDADE (FK_PERFIL,FK_FUNCIONALIDADE) values ('5','4');
Insert into WEBACESSO.PERFIL_FUNCIONALIDADE (FK_PERFIL,FK_FUNCIONALIDADE) values ('5','5');
Insert into WEBACESSO.PERFIL_FUNCIONALIDADE (FK_PERFIL,FK_FUNCIONALIDADE) values ('5','28');
Insert into WEBACESSO.PERFIL_FUNCIONALIDADE (FK_PERFIL,FK_FUNCIONALIDADE) values ('18','2');
Insert into WEBACESSO.PERFIL_FUNCIONALIDADE (FK_PERFIL,FK_FUNCIONALIDADE) values ('21','7');
Insert into WEBACESSO.PERFIL_FUNCIONALIDADE (FK_PERFIL,FK_FUNCIONALIDADE) values ('21','9');
Insert into WEBACESSO.PERFIL_FUNCIONALIDADE (FK_PERFIL,FK_FUNCIONALIDADE) values ('21','10');
Insert into WEBACESSO.PERFIL_FUNCIONALIDADE (FK_PERFIL,FK_FUNCIONALIDADE) values ('21','11');
Insert into WEBACESSO.PERFIL_FUNCIONALIDADE (FK_PERFIL,FK_FUNCIONALIDADE) values ('21','19');
Insert into WEBACESSO.PERFIL_FUNCIONALIDADE (FK_PERFIL,FK_FUNCIONALIDADE) values ('21','20');
Insert into WEBACESSO.PERFIL_FUNCIONALIDADE (FK_PERFIL,FK_FUNCIONALIDADE) values ('21','27');
Insert into WEBACESSO.PERFIL_FUNCIONALIDADE (FK_PERFIL,FK_FUNCIONALIDADE) values ('21','31');
Insert into WEBACESSO.PERFIL_FUNCIONALIDADE (FK_PERFIL,FK_FUNCIONALIDADE) values ('21','33');
Insert into WEBACESSO.PERFIL_FUNCIONALIDADE (FK_PERFIL,FK_FUNCIONALIDADE) values ('21','34');
Insert into WEBACESSO.PERFIL_FUNCIONALIDADE (FK_PERFIL,FK_FUNCIONALIDADE) values ('21','61');
Insert into WEBACESSO.PERFIL_FUNCIONALIDADE (FK_PERFIL,FK_FUNCIONALIDADE) values ('21','71');
Insert into WEBACESSO.PERFIL_FUNCIONALIDADE (FK_PERFIL,FK_FUNCIONALIDADE) values ('22','7');
Insert into WEBACESSO.PERFIL_FUNCIONALIDADE (FK_PERFIL,FK_FUNCIONALIDADE) values ('22','20');
Insert into WEBACESSO.PERFIL_FUNCIONALIDADE (FK_PERFIL,FK_FUNCIONALIDADE) values ('22','27');
Insert into WEBACESSO.PERFIL_FUNCIONALIDADE (FK_PERFIL,FK_FUNCIONALIDADE) values ('22','31');
Insert into WEBACESSO.PERFIL_FUNCIONALIDADE (FK_PERFIL,FK_FUNCIONALIDADE) values ('23','7');
Insert into WEBACESSO.PERFIL_FUNCIONALIDADE (FK_PERFIL,FK_FUNCIONALIDADE) values ('23','20');
Insert into WEBACESSO.PERFIL_FUNCIONALIDADE (FK_PERFIL,FK_FUNCIONALIDADE) values ('23','27');
Insert into WEBACESSO.PERFIL_FUNCIONALIDADE (FK_PERFIL,FK_FUNCIONALIDADE) values ('23','31');
Insert into WEBACESSO.PERFIL_FUNCIONALIDADE (FK_PERFIL,FK_FUNCIONALIDADE) values ('26','13');
Insert into WEBACESSO.PERFIL_FUNCIONALIDADE (FK_PERFIL,FK_FUNCIONALIDADE) values ('26','15');
Insert into WEBACESSO.PERFIL_FUNCIONALIDADE (FK_PERFIL,FK_FUNCIONALIDADE) values ('26','18');
Insert into WEBACESSO.PERFIL_FUNCIONALIDADE (FK_PERFIL,FK_FUNCIONALIDADE) values ('26','21');
Insert into WEBACESSO.PERFIL_FUNCIONALIDADE (FK_PERFIL,FK_FUNCIONALIDADE) values ('26','29');
Insert into WEBACESSO.PERFIL_FUNCIONALIDADE (FK_PERFIL,FK_FUNCIONALIDADE) values ('26','38');
Insert into WEBACESSO.PERFIL_FUNCIONALIDADE (FK_PERFIL,FK_FUNCIONALIDADE) values ('26','39');
Insert into WEBACESSO.PERFIL_FUNCIONALIDADE (FK_PERFIL,FK_FUNCIONALIDADE) values ('26','41');
Insert into WEBACESSO.PERFIL_FUNCIONALIDADE (FK_PERFIL,FK_FUNCIONALIDADE) values ('26','55');
Insert into WEBACESSO.PERFIL_FUNCIONALIDADE (FK_PERFIL,FK_FUNCIONALIDADE) values ('27','13');
Insert into WEBACESSO.PERFIL_FUNCIONALIDADE (FK_PERFIL,FK_FUNCIONALIDADE) values ('28','18');
Insert into WEBACESSO.PERFIL_FUNCIONALIDADE (FK_PERFIL,FK_FUNCIONALIDADE) values ('28','41');
Insert into WEBACESSO.PERFIL_FUNCIONALIDADE (FK_PERFIL,FK_FUNCIONALIDADE) values ('29','15');
Insert into WEBACESSO.PERFIL_FUNCIONALIDADE (FK_PERFIL,FK_FUNCIONALIDADE) values ('29','21');
Insert into WEBACESSO.PERFIL_FUNCIONALIDADE (FK_PERFIL,FK_FUNCIONALIDADE) values ('29','29');
Insert into WEBACESSO.PERFIL_FUNCIONALIDADE (FK_PERFIL,FK_FUNCIONALIDADE) values ('29','55');
Insert into WEBACESSO.PERFIL_FUNCIONALIDADE (FK_PERFIL,FK_FUNCIONALIDADE) values ('30','13');
Insert into WEBACESSO.PERFIL_FUNCIONALIDADE (FK_PERFIL,FK_FUNCIONALIDADE) values ('31','7');
Insert into WEBACESSO.PERFIL_FUNCIONALIDADE (FK_PERFIL,FK_FUNCIONALIDADE) values ('31','20');
Insert into WEBACESSO.PERFIL_FUNCIONALIDADE (FK_PERFIL,FK_FUNCIONALIDADE) values ('31','27');
Insert into WEBACESSO.PERFIL_FUNCIONALIDADE (FK_PERFIL,FK_FUNCIONALIDADE) values ('31','30');
Insert into WEBACESSO.PERFIL_FUNCIONALIDADE (FK_PERFIL,FK_FUNCIONALIDADE) values ('31','31');
Insert into WEBACESSO.PERFIL_FUNCIONALIDADE (FK_PERFIL,FK_FUNCIONALIDADE) values ('31','33');
Insert into WEBACESSO.PERFIL_FUNCIONALIDADE (FK_PERFIL,FK_FUNCIONALIDADE) values ('32','7');
Insert into WEBACESSO.PERFIL_FUNCIONALIDADE (FK_PERFIL,FK_FUNCIONALIDADE) values ('32','20');
Insert into WEBACESSO.PERFIL_FUNCIONALIDADE (FK_PERFIL,FK_FUNCIONALIDADE) values ('32','27');
Insert into WEBACESSO.PERFIL_FUNCIONALIDADE (FK_PERFIL,FK_FUNCIONALIDADE) values ('33','7');
Insert into WEBACESSO.PERFIL_FUNCIONALIDADE (FK_PERFIL,FK_FUNCIONALIDADE) values ('33','20');
Insert into WEBACESSO.PERFIL_FUNCIONALIDADE (FK_PERFIL,FK_FUNCIONALIDADE) values ('33','27');
Insert into WEBACESSO.PERFIL_FUNCIONALIDADE (FK_PERFIL,FK_FUNCIONALIDADE) values ('34','20');
Insert into WEBACESSO.PERFIL_FUNCIONALIDADE (FK_PERFIL,FK_FUNCIONALIDADE) values ('35','7');
Insert into WEBACESSO.PERFIL_FUNCIONALIDADE (FK_PERFIL,FK_FUNCIONALIDADE) values ('35','9');
Insert into WEBACESSO.PERFIL_FUNCIONALIDADE (FK_PERFIL,FK_FUNCIONALIDADE) values ('35','10');
Insert into WEBACESSO.PERFIL_FUNCIONALIDADE (FK_PERFIL,FK_FUNCIONALIDADE) values ('35','11');
Insert into WEBACESSO.PERFIL_FUNCIONALIDADE (FK_PERFIL,FK_FUNCIONALIDADE) values ('35','19');
Insert into WEBACESSO.PERFIL_FUNCIONALIDADE (FK_PERFIL,FK_FUNCIONALIDADE) values ('35','20');
Insert into WEBACESSO.PERFIL_FUNCIONALIDADE (FK_PERFIL,FK_FUNCIONALIDADE) values ('35','27');
Insert into WEBACESSO.PERFIL_FUNCIONALIDADE (FK_PERFIL,FK_FUNCIONALIDADE) values ('35','33');
Insert into WEBACESSO.PERFIL_FUNCIONALIDADE (FK_PERFIL,FK_FUNCIONALIDADE) values ('35','34');
Insert into WEBACESSO.PERFIL_FUNCIONALIDADE (FK_PERFIL,FK_FUNCIONALIDADE) values ('35','61');
Insert into WEBACESSO.PERFIL_FUNCIONALIDADE (FK_PERFIL,FK_FUNCIONALIDADE) values ('35','71');
Insert into WEBACESSO.PERFIL_FUNCIONALIDADE (FK_PERFIL,FK_FUNCIONALIDADE) values ('36','32');
Insert into WEBACESSO.PERFIL_FUNCIONALIDADE (FK_PERFIL,FK_FUNCIONALIDADE) values ('36','48');
Insert into WEBACESSO.PERFIL_FUNCIONALIDADE (FK_PERFIL,FK_FUNCIONALIDADE) values ('37','42');
Insert into WEBACESSO.PERFIL_FUNCIONALIDADE (FK_PERFIL,FK_FUNCIONALIDADE) values ('37','44');
Insert into WEBACESSO.PERFIL_FUNCIONALIDADE (FK_PERFIL,FK_FUNCIONALIDADE) values ('37','45');
Insert into WEBACESSO.PERFIL_FUNCIONALIDADE (FK_PERFIL,FK_FUNCIONALIDADE) values ('37','46');
Insert into WEBACESSO.PERFIL_FUNCIONALIDADE (FK_PERFIL,FK_FUNCIONALIDADE) values ('37','47');
Insert into WEBACESSO.PERFIL_FUNCIONALIDADE (FK_PERFIL,FK_FUNCIONALIDADE) values ('37','49');
Insert into WEBACESSO.PERFIL_FUNCIONALIDADE (FK_PERFIL,FK_FUNCIONALIDADE) values ('37','50');
Insert into WEBACESSO.PERFIL_FUNCIONALIDADE (FK_PERFIL,FK_FUNCIONALIDADE) values ('37','51');
Insert into WEBACESSO.PERFIL_FUNCIONALIDADE (FK_PERFIL,FK_FUNCIONALIDADE) values ('37','53');
Insert into WEBACESSO.PERFIL_FUNCIONALIDADE (FK_PERFIL,FK_FUNCIONALIDADE) values ('37','56');
Insert into WEBACESSO.PERFIL_FUNCIONALIDADE (FK_PERFIL,FK_FUNCIONALIDADE) values ('37','57');
Insert into WEBACESSO.PERFIL_FUNCIONALIDADE (FK_PERFIL,FK_FUNCIONALIDADE) values ('37','58');
Insert into WEBACESSO.PERFIL_FUNCIONALIDADE (FK_PERFIL,FK_FUNCIONALIDADE) values ('38','13');
Insert into WEBACESSO.PERFIL_FUNCIONALIDADE (FK_PERFIL,FK_FUNCIONALIDADE) values ('39','32');
Insert into WEBACESSO.PERFIL_FUNCIONALIDADE (FK_PERFIL,FK_FUNCIONALIDADE) values ('40','48');
Insert into WEBACESSO.PERFIL_FUNCIONALIDADE (FK_PERFIL,FK_FUNCIONALIDADE) values ('42','54');
Insert into WEBACESSO.PERFIL_FUNCIONALIDADE (FK_PERFIL,FK_FUNCIONALIDADE) values ('43','53');
Insert into WEBACESSO.PERFIL_FUNCIONALIDADE (FK_PERFIL,FK_FUNCIONALIDADE) values ('43','56');
Insert into WEBACESSO.PERFIL_FUNCIONALIDADE (FK_PERFIL,FK_FUNCIONALIDADE) values ('44','19');
Insert into WEBACESSO.PERFIL_FUNCIONALIDADE (FK_PERFIL,FK_FUNCIONALIDADE) values ('46','27');
Insert into WEBACESSO.PERFIL_FUNCIONALIDADE (FK_PERFIL,FK_FUNCIONALIDADE) values ('46','61');
Insert into WEBACESSO.PERFIL_FUNCIONALIDADE (FK_PERFIL,FK_FUNCIONALIDADE) values ('47','63');
Insert into WEBACESSO.PERFIL_FUNCIONALIDADE (FK_PERFIL,FK_FUNCIONALIDADE) values ('47','64');
Insert into WEBACESSO.PERFIL_FUNCIONALIDADE (FK_PERFIL,FK_FUNCIONALIDADE) values ('47','65');
Insert into WEBACESSO.PERFIL_FUNCIONALIDADE (FK_PERFIL,FK_FUNCIONALIDADE) values ('47','74');
Insert into WEBACESSO.PERFIL_FUNCIONALIDADE (FK_PERFIL,FK_FUNCIONALIDADE) values ('48','66');
Insert into WEBACESSO.PERFIL_FUNCIONALIDADE (FK_PERFIL,FK_FUNCIONALIDADE) values ('48','67');
Insert into WEBACESSO.PERFIL_FUNCIONALIDADE (FK_PERFIL,FK_FUNCIONALIDADE) values ('48','68');
Insert into WEBACESSO.PERFIL_FUNCIONALIDADE (FK_PERFIL,FK_FUNCIONALIDADE) values ('48','72');
Insert into WEBACESSO.PERFIL_FUNCIONALIDADE (FK_PERFIL,FK_FUNCIONALIDADE) values ('48','73');
Insert into WEBACESSO.PERFIL_FUNCIONALIDADE (FK_PERFIL,FK_FUNCIONALIDADE) values ('49','63');
Insert into WEBACESSO.PERFIL_FUNCIONALIDADE (FK_PERFIL,FK_FUNCIONALIDADE) values ('49','64');
Insert into WEBACESSO.PERFIL_FUNCIONALIDADE (FK_PERFIL,FK_FUNCIONALIDADE) values ('49','65');
Insert into WEBACESSO.PERFIL_FUNCIONALIDADE (FK_PERFIL,FK_FUNCIONALIDADE) values ('49','74');
Insert into WEBACESSO.PERFIL_FUNCIONALIDADE (FK_PERFIL,FK_FUNCIONALIDADE) values ('50','63');
Insert into WEBACESSO.PERFIL_FUNCIONALIDADE (FK_PERFIL,FK_FUNCIONALIDADE) values ('50','64');
Insert into WEBACESSO.PERFIL_FUNCIONALIDADE (FK_PERFIL,FK_FUNCIONALIDADE) values ('51','67');
Insert into WEBACESSO.PERFIL_FUNCIONALIDADE (FK_PERFIL,FK_FUNCIONALIDADE) values ('52','66');
Insert into WEBACESSO.PERFIL_FUNCIONALIDADE (FK_PERFIL,FK_FUNCIONALIDADE) values ('53','66');
Insert into WEBACESSO.PERFIL_FUNCIONALIDADE (FK_PERFIL,FK_FUNCIONALIDADE) values ('53','68');
Insert into WEBACESSO.PERFIL_FUNCIONALIDADE (FK_PERFIL,FK_FUNCIONALIDADE) values ('53','72');
Insert into WEBACESSO.PERFIL_FUNCIONALIDADE (FK_PERFIL,FK_FUNCIONALIDADE) values ('54','63');
Insert into WEBACESSO.PERFIL_FUNCIONALIDADE (FK_PERFIL,FK_FUNCIONALIDADE) values ('56','67');
Insert into WEBACESSO.PERFIL_FUNCIONALIDADE (FK_PERFIL,FK_FUNCIONALIDADE) values ('57','75');
Insert into WEBACESSO.PERFIL_FUNCIONALIDADE (FK_PERFIL,FK_FUNCIONALIDADE) values ('57','76');
Insert into WEBACESSO.PERFIL_FUNCIONALIDADE (FK_PERFIL,FK_FUNCIONALIDADE) values ('57','77');
Insert into WEBACESSO.PERFIL_FUNCIONALIDADE (FK_PERFIL,FK_FUNCIONALIDADE) values ('58','78');
Insert into WEBACESSO.PERFIL_FUNCIONALIDADE (FK_PERFIL,FK_FUNCIONALIDADE) values ('58','79');
Insert into WEBACESSO.PERFIL_FUNCIONALIDADE (FK_PERFIL,FK_FUNCIONALIDADE) values ('58','80');
Insert into WEBACESSO.PERFIL_FUNCIONALIDADE (FK_PERFIL,FK_FUNCIONALIDADE) values ('58','81');
Insert into WEBACESSO.PERFIL_FUNCIONALIDADE (FK_PERFIL,FK_FUNCIONALIDADE) values ('58','82');
Insert into WEBACESSO.PERFIL_FUNCIONALIDADE (FK_PERFIL,FK_FUNCIONALIDADE) values ('59','79');
Insert into WEBACESSO.PERFIL_FUNCIONALIDADE (FK_PERFIL,FK_FUNCIONALIDADE) values ('60','79');
Insert into WEBACESSO.PERFIL_FUNCIONALIDADE (FK_PERFIL,FK_FUNCIONALIDADE) values ('61','78');
Insert into WEBACESSO.PERFIL_FUNCIONALIDADE (FK_PERFIL,FK_FUNCIONALIDADE) values ('62','78');
Insert into WEBACESSO.PERFIL_FUNCIONALIDADE (FK_PERFIL,FK_FUNCIONALIDADE) values ('62','80');
Insert into WEBACESSO.PERFIL_FUNCIONALIDADE (FK_PERFIL,FK_FUNCIONALIDADE) values ('62','81');
REM INSERTING into WEBACESSO.PERFIL_RECURSO
SET DEFINE OFF;
Insert into WEBACESSO.PERFIL_RECURSO (FK_PERFIL,FK_RECURSO) values ('21','16');
Insert into WEBACESSO.PERFIL_RECURSO (FK_PERFIL,FK_RECURSO) values ('21','20');
Insert into WEBACESSO.PERFIL_RECURSO (FK_PERFIL,FK_RECURSO) values ('21','21');
Insert into WEBACESSO.PERFIL_RECURSO (FK_PERFIL,FK_RECURSO) values ('21','22');
Insert into WEBACESSO.PERFIL_RECURSO (FK_PERFIL,FK_RECURSO) values ('21','24');
Insert into WEBACESSO.PERFIL_RECURSO (FK_PERFIL,FK_RECURSO) values ('21','25');
Insert into WEBACESSO.PERFIL_RECURSO (FK_PERFIL,FK_RECURSO) values ('21','26');
Insert into WEBACESSO.PERFIL_RECURSO (FK_PERFIL,FK_RECURSO) values ('21','29');
Insert into WEBACESSO.PERFIL_RECURSO (FK_PERFIL,FK_RECURSO) values ('21','41');
Insert into WEBACESSO.PERFIL_RECURSO (FK_PERFIL,FK_RECURSO) values ('21','44');
Insert into WEBACESSO.PERFIL_RECURSO (FK_PERFIL,FK_RECURSO) values ('21','46');
Insert into WEBACESSO.PERFIL_RECURSO (FK_PERFIL,FK_RECURSO) values ('21','70');
Insert into WEBACESSO.PERFIL_RECURSO (FK_PERFIL,FK_RECURSO) values ('21','73');
Insert into WEBACESSO.PERFIL_RECURSO (FK_PERFIL,FK_RECURSO) values ('21','87');
Insert into WEBACESSO.PERFIL_RECURSO (FK_PERFIL,FK_RECURSO) values ('21','105');
Insert into WEBACESSO.PERFIL_RECURSO (FK_PERFIL,FK_RECURSO) values ('21','108');
Insert into WEBACESSO.PERFIL_RECURSO (FK_PERFIL,FK_RECURSO) values ('21','112');
Insert into WEBACESSO.PERFIL_RECURSO (FK_PERFIL,FK_RECURSO) values ('22','17');
Insert into WEBACESSO.PERFIL_RECURSO (FK_PERFIL,FK_RECURSO) values ('22','19');
Insert into WEBACESSO.PERFIL_RECURSO (FK_PERFIL,FK_RECURSO) values ('22','23');
Insert into WEBACESSO.PERFIL_RECURSO (FK_PERFIL,FK_RECURSO) values ('22','27');
Insert into WEBACESSO.PERFIL_RECURSO (FK_PERFIL,FK_RECURSO) values ('26','30');
Insert into WEBACESSO.PERFIL_RECURSO (FK_PERFIL,FK_RECURSO) values ('26','33');
Insert into WEBACESSO.PERFIL_RECURSO (FK_PERFIL,FK_RECURSO) values ('26','35');
Insert into WEBACESSO.PERFIL_RECURSO (FK_PERFIL,FK_RECURSO) values ('26','38');
Insert into WEBACESSO.PERFIL_RECURSO (FK_PERFIL,FK_RECURSO) values ('26','43');
Insert into WEBACESSO.PERFIL_RECURSO (FK_PERFIL,FK_RECURSO) values ('26','53');
Insert into WEBACESSO.PERFIL_RECURSO (FK_PERFIL,FK_RECURSO) values ('26','54');
Insert into WEBACESSO.PERFIL_RECURSO (FK_PERFIL,FK_RECURSO) values ('26','107');
Insert into WEBACESSO.PERFIL_RECURSO (FK_PERFIL,FK_RECURSO) values ('26','109');
Insert into WEBACESSO.PERFIL_RECURSO (FK_PERFIL,FK_RECURSO) values ('26','110');
Insert into WEBACESSO.PERFIL_RECURSO (FK_PERFIL,FK_RECURSO) values ('26','111');
Insert into WEBACESSO.PERFIL_RECURSO (FK_PERFIL,FK_RECURSO) values ('27','38');
Insert into WEBACESSO.PERFIL_RECURSO (FK_PERFIL,FK_RECURSO) values ('28','33');
Insert into WEBACESSO.PERFIL_RECURSO (FK_PERFIL,FK_RECURSO) values ('28','35');
Insert into WEBACESSO.PERFIL_RECURSO (FK_PERFIL,FK_RECURSO) values ('30','30');
Insert into WEBACESSO.PERFIL_RECURSO (FK_PERFIL,FK_RECURSO) values ('30','38');
Insert into WEBACESSO.PERFIL_RECURSO (FK_PERFIL,FK_RECURSO) values ('30','40');
Insert into WEBACESSO.PERFIL_RECURSO (FK_PERFIL,FK_RECURSO) values ('31','17');
Insert into WEBACESSO.PERFIL_RECURSO (FK_PERFIL,FK_RECURSO) values ('31','19');
Insert into WEBACESSO.PERFIL_RECURSO (FK_PERFIL,FK_RECURSO) values ('31','21');
Insert into WEBACESSO.PERFIL_RECURSO (FK_PERFIL,FK_RECURSO) values ('31','22');
Insert into WEBACESSO.PERFIL_RECURSO (FK_PERFIL,FK_RECURSO) values ('31','23');
Insert into WEBACESSO.PERFIL_RECURSO (FK_PERFIL,FK_RECURSO) values ('31','27');
Insert into WEBACESSO.PERFIL_RECURSO (FK_PERFIL,FK_RECURSO) values ('31','28');
Insert into WEBACESSO.PERFIL_RECURSO (FK_PERFIL,FK_RECURSO) values ('31','41');
Insert into WEBACESSO.PERFIL_RECURSO (FK_PERFIL,FK_RECURSO) values ('31','45');
Insert into WEBACESSO.PERFIL_RECURSO (FK_PERFIL,FK_RECURSO) values ('31','70');
Insert into WEBACESSO.PERFIL_RECURSO (FK_PERFIL,FK_RECURSO) values ('31','82');
Insert into WEBACESSO.PERFIL_RECURSO (FK_PERFIL,FK_RECURSO) values ('32','17');
Insert into WEBACESSO.PERFIL_RECURSO (FK_PERFIL,FK_RECURSO) values ('32','23');
Insert into WEBACESSO.PERFIL_RECURSO (FK_PERFIL,FK_RECURSO) values ('32','27');
Insert into WEBACESSO.PERFIL_RECURSO (FK_PERFIL,FK_RECURSO) values ('32','28');
Insert into WEBACESSO.PERFIL_RECURSO (FK_PERFIL,FK_RECURSO) values ('33','17');
Insert into WEBACESSO.PERFIL_RECURSO (FK_PERFIL,FK_RECURSO) values ('33','23');
Insert into WEBACESSO.PERFIL_RECURSO (FK_PERFIL,FK_RECURSO) values ('33','27');
Insert into WEBACESSO.PERFIL_RECURSO (FK_PERFIL,FK_RECURSO) values ('33','28');
Insert into WEBACESSO.PERFIL_RECURSO (FK_PERFIL,FK_RECURSO) values ('34','24');
Insert into WEBACESSO.PERFIL_RECURSO (FK_PERFIL,FK_RECURSO) values ('34','25');
Insert into WEBACESSO.PERFIL_RECURSO (FK_PERFIL,FK_RECURSO) values ('35','16');
Insert into WEBACESSO.PERFIL_RECURSO (FK_PERFIL,FK_RECURSO) values ('35','20');
Insert into WEBACESSO.PERFIL_RECURSO (FK_PERFIL,FK_RECURSO) values ('35','21');
Insert into WEBACESSO.PERFIL_RECURSO (FK_PERFIL,FK_RECURSO) values ('35','22');
Insert into WEBACESSO.PERFIL_RECURSO (FK_PERFIL,FK_RECURSO) values ('35','24');
Insert into WEBACESSO.PERFIL_RECURSO (FK_PERFIL,FK_RECURSO) values ('35','25');
Insert into WEBACESSO.PERFIL_RECURSO (FK_PERFIL,FK_RECURSO) values ('35','41');
Insert into WEBACESSO.PERFIL_RECURSO (FK_PERFIL,FK_RECURSO) values ('35','44');
Insert into WEBACESSO.PERFIL_RECURSO (FK_PERFIL,FK_RECURSO) values ('35','46');
Insert into WEBACESSO.PERFIL_RECURSO (FK_PERFIL,FK_RECURSO) values ('35','73');
Insert into WEBACESSO.PERFIL_RECURSO (FK_PERFIL,FK_RECURSO) values ('35','83');
Insert into WEBACESSO.PERFIL_RECURSO (FK_PERFIL,FK_RECURSO) values ('35','85');
Insert into WEBACESSO.PERFIL_RECURSO (FK_PERFIL,FK_RECURSO) values ('35','88');
Insert into WEBACESSO.PERFIL_RECURSO (FK_PERFIL,FK_RECURSO) values ('35','105');
Insert into WEBACESSO.PERFIL_RECURSO (FK_PERFIL,FK_RECURSO) values ('35','108');
Insert into WEBACESSO.PERFIL_RECURSO (FK_PERFIL,FK_RECURSO) values ('35','112');
Insert into WEBACESSO.PERFIL_RECURSO (FK_PERFIL,FK_RECURSO) values ('37','66');
Insert into WEBACESSO.PERFIL_RECURSO (FK_PERFIL,FK_RECURSO) values ('37','67');
Insert into WEBACESSO.PERFIL_RECURSO (FK_PERFIL,FK_RECURSO) values ('37','68');
Insert into WEBACESSO.PERFIL_RECURSO (FK_PERFIL,FK_RECURSO) values ('37','69');
Insert into WEBACESSO.PERFIL_RECURSO (FK_PERFIL,FK_RECURSO) values ('38','30');
Insert into WEBACESSO.PERFIL_RECURSO (FK_PERFIL,FK_RECURSO) values ('38','38');
Insert into WEBACESSO.PERFIL_RECURSO (FK_PERFIL,FK_RECURSO) values ('38','40');
Insert into WEBACESSO.PERFIL_RECURSO (FK_PERFIL,FK_RECURSO) values ('42','61');
Insert into WEBACESSO.PERFIL_RECURSO (FK_PERFIL,FK_RECURSO) values ('42','64');
Insert into WEBACESSO.PERFIL_RECURSO (FK_PERFIL,FK_RECURSO) values ('42','65');
Insert into WEBACESSO.PERFIL_RECURSO (FK_PERFIL,FK_RECURSO) values ('46','84');
Insert into WEBACESSO.PERFIL_RECURSO (FK_PERFIL,FK_RECURSO) values ('46','86');
Insert into WEBACESSO.PERFIL_RECURSO (FK_PERFIL,FK_RECURSO) values ('46','89');
Insert into WEBACESSO.PERFIL_RECURSO (FK_PERFIL,FK_RECURSO) values ('46','112');
Insert into WEBACESSO.PERFIL_RECURSO (FK_PERFIL,FK_RECURSO) values ('47','91');
Insert into WEBACESSO.PERFIL_RECURSO (FK_PERFIL,FK_RECURSO) values ('47','92');
Insert into WEBACESSO.PERFIL_RECURSO (FK_PERFIL,FK_RECURSO) values ('47','98');
Insert into WEBACESSO.PERFIL_RECURSO (FK_PERFIL,FK_RECURSO) values ('47','99');
Insert into WEBACESSO.PERFIL_RECURSO (FK_PERFIL,FK_RECURSO) values ('47','100');
Insert into WEBACESSO.PERFIL_RECURSO (FK_PERFIL,FK_RECURSO) values ('47','101');
Insert into WEBACESSO.PERFIL_RECURSO (FK_PERFIL,FK_RECURSO) values ('49','92');
Insert into WEBACESSO.PERFIL_RECURSO (FK_PERFIL,FK_RECURSO) values ('49','98');
Insert into WEBACESSO.PERFIL_RECURSO (FK_PERFIL,FK_RECURSO) values ('49','99');
Insert into WEBACESSO.PERFIL_RECURSO (FK_PERFIL,FK_RECURSO) values ('49','103');
Insert into WEBACESSO.PERFIL_RECURSO (FK_PERFIL,FK_RECURSO) values ('50','91');
Insert into WEBACESSO.PERFIL_RECURSO (FK_PERFIL,FK_RECURSO) values ('50','100');
Insert into WEBACESSO.PERFIL_RECURSO (FK_PERFIL,FK_RECURSO) values ('50','104');
Insert into WEBACESSO.PERFIL_RECURSO (FK_PERFIL,FK_RECURSO) values ('54','98');
Insert into WEBACESSO.PERFIL_RECURSO (FK_PERFIL,FK_RECURSO) values ('54','101');
REM INSERTING into WEBACESSO.PERMISSAO
SET DEFINE OFF;
Insert into WEBACESSO.PERMISSAO (ID,LOGIN,FK_PERFIL,FK_UNIDADE,DATA_CADASTRO,DATA_EXCLUIDO,USUARIO_CADASTRO,USUARIO_EXCLUIR) values ('12','H045-3','5',null,to_timestamp('2015/10/13 13:30:30,698000000','YYYY/MM/DD HH24:MI:SSXFF'),null,'H045-3',null);
Insert into WEBACESSO.PERMISSAO (ID,LOGIN,FK_PERFIL,FK_UNIDADE,DATA_CADASTRO,DATA_EXCLUIDO,USUARIO_CADASTRO,USUARIO_EXCLUIR) values ('18','H045-3','21',null,to_timestamp('2015/11/23 07:27:25,004000000','YYYY/MM/DD HH24:MI:SSXFF'),null,'H045-3',null);
Insert into WEBACESSO.PERMISSAO (ID,LOGIN,FK_PERFIL,FK_UNIDADE,DATA_CADASTRO,DATA_EXCLUIDO,USUARIO_CADASTRO,USUARIO_EXCLUIR) values ('24','CHEFIA','22',null,to_timestamp('2015/12/14 09:19:54,057000000','YYYY/MM/DD HH24:MI:SSXFF'),null,'H045-3',null);
Insert into WEBACESSO.PERMISSAO (ID,LOGIN,FK_PERFIL,FK_UNIDADE,DATA_CADASTRO,DATA_EXCLUIDO,USUARIO_CADASTRO,USUARIO_EXCLUIR) values ('25','PUBLICO','23',null,to_timestamp('2015/12/22 09:59:09,440000000','YYYY/MM/DD HH24:MI:SSXFF'),null,'H045-3',null);
Insert into WEBACESSO.PERMISSAO (ID,LOGIN,FK_PERFIL,FK_UNIDADE,DATA_CADASTRO,DATA_EXCLUIDO,USUARIO_CADASTRO,USUARIO_EXCLUIR) values ('38','A168-1','26',null,to_timestamp('2016/02/17 07:48:59,238000000','YYYY/MM/DD HH24:MI:SSXFF'),null,'H045-3',null);
Insert into WEBACESSO.PERMISSAO (ID,LOGIN,FK_PERFIL,FK_UNIDADE,DATA_CADASTRO,DATA_EXCLUIDO,USUARIO_CADASTRO,USUARIO_EXCLUIR) values ('56','JUIZ_SUBSTITUTO','30',null,to_timestamp('2016/03/29 08:55:08,336000000','YYYY/MM/DD HH24:MI:SSXFF'),null,'H045-3',null);
Insert into WEBACESSO.PERMISSAO (ID,LOGIN,FK_PERFIL,FK_UNIDADE,DATA_CADASTRO,DATA_EXCLUIDO,USUARIO_CADASTRO,USUARIO_EXCLUIR) values ('61','GESTOR','31',null,to_timestamp('2016/04/12 11:39:07,844000000','YYYY/MM/DD HH24:MI:SSXFF'),null,'H045-3',null);
Insert into WEBACESSO.PERMISSAO (ID,LOGIN,FK_PERFIL,FK_UNIDADE,DATA_CADASTRO,DATA_EXCLUIDO,USUARIO_CADASTRO,USUARIO_EXCLUIR) values ('62','DESEMBARGADOR','32',null,to_timestamp('2016/04/12 13:26:23,605000000','YYYY/MM/DD HH24:MI:SSXFF'),null,'H045-3',null);
Insert into WEBACESSO.PERMISSAO (ID,LOGIN,FK_PERFIL,FK_UNIDADE,DATA_CADASTRO,DATA_EXCLUIDO,USUARIO_CADASTRO,USUARIO_EXCLUIR) values ('63','JUIZ_TITULAR','33',null,to_timestamp('2016/04/12 13:26:42,993000000','YYYY/MM/DD HH24:MI:SSXFF'),null,'H045-3',null);
Insert into WEBACESSO.PERMISSAO (ID,LOGIN,FK_PERFIL,FK_UNIDADE,DATA_CADASTRO,DATA_EXCLUIDO,USUARIO_CADASTRO,USUARIO_EXCLUIR) values ('66','A125-7','28',null,to_timestamp('2016/04/18 16:13:57,267000000','YYYY/MM/DD HH24:MI:SSXFF'),to_timestamp('2016/10/04 14:15:06,291000000','YYYY/MM/DD HH24:MI:SSXFF'),'H045-3','R098-9');
Insert into WEBACESSO.PERMISSAO (ID,LOGIN,FK_PERFIL,FK_UNIDADE,DATA_CADASTRO,DATA_EXCLUIDO,USUARIO_CADASTRO,USUARIO_EXCLUIR) values ('67','A150-8','28',null,to_timestamp('2016/04/18 16:14:20,498000000','YYYY/MM/DD HH24:MI:SSXFF'),to_timestamp('2016/10/04 14:15:08,352000000','YYYY/MM/DD HH24:MI:SSXFF'),'H045-3','R098-9');
Insert into WEBACESSO.PERMISSAO (ID,LOGIN,FK_PERFIL,FK_UNIDADE,DATA_CADASTRO,DATA_EXCLUIDO,USUARIO_CADASTRO,USUARIO_EXCLUIR) values ('68','B010-8','28',null,to_timestamp('2016/04/18 16:14:33,694000000','YYYY/MM/DD HH24:MI:SSXFF'),null,'H045-3',null);
Insert into WEBACESSO.PERMISSAO (ID,LOGIN,FK_PERFIL,FK_UNIDADE,DATA_CADASTRO,DATA_EXCLUIDO,USUARIO_CADASTRO,USUARIO_EXCLUIR) values ('69','C113-4','28',null,to_timestamp('2016/04/18 16:14:46,420000000','YYYY/MM/DD HH24:MI:SSXFF'),null,'H045-3',null);
Insert into WEBACESSO.PERMISSAO (ID,LOGIN,FK_PERFIL,FK_UNIDADE,DATA_CADASTRO,DATA_EXCLUIDO,USUARIO_CADASTRO,USUARIO_EXCLUIR) values ('70','C043-0','28',null,to_timestamp('2016/04/18 16:15:05,327000000','YYYY/MM/DD HH24:MI:SSXFF'),null,'H045-3',null);
Insert into WEBACESSO.PERMISSAO (ID,LOGIN,FK_PERFIL,FK_UNIDADE,DATA_CADASTRO,DATA_EXCLUIDO,USUARIO_CADASTRO,USUARIO_EXCLUIR) values ('71','D040-1','28',null,to_timestamp('2016/04/18 16:15:17,821000000','YYYY/MM/DD HH24:MI:SSXFF'),null,'H045-3',null);
Insert into WEBACESSO.PERMISSAO (ID,LOGIN,FK_PERFIL,FK_UNIDADE,DATA_CADASTRO,DATA_EXCLUIDO,USUARIO_CADASTRO,USUARIO_EXCLUIR) values ('72','D058-3','28',null,to_timestamp('2016/04/18 16:15:35,474000000','YYYY/MM/DD HH24:MI:SSXFF'),null,'H045-3',null);
Insert into WEBACESSO.PERMISSAO (ID,LOGIN,FK_PERFIL,FK_UNIDADE,DATA_CADASTRO,DATA_EXCLUIDO,USUARIO_CADASTRO,USUARIO_EXCLUIR) values ('73','D035-4','28',null,to_timestamp('2016/04/18 16:15:48,849000000','YYYY/MM/DD HH24:MI:SSXFF'),null,'H045-3',null);
Insert into WEBACESSO.PERMISSAO (ID,LOGIN,FK_PERFIL,FK_UNIDADE,DATA_CADASTRO,DATA_EXCLUIDO,USUARIO_CADASTRO,USUARIO_EXCLUIR) values ('74','E020-1','28',null,to_timestamp('2016/04/18 16:16:07,207000000','YYYY/MM/DD HH24:MI:SSXFF'),null,'H045-3',null);
Insert into WEBACESSO.PERMISSAO (ID,LOGIN,FK_PERFIL,FK_UNIDADE,DATA_CADASTRO,DATA_EXCLUIDO,USUARIO_CADASTRO,USUARIO_EXCLUIR) values ('75','E148-8','28',null,to_timestamp('2016/04/18 16:16:20,075000000','YYYY/MM/DD HH24:MI:SSXFF'),null,'H045-3',null);
Insert into WEBACESSO.PERMISSAO (ID,LOGIN,FK_PERFIL,FK_UNIDADE,DATA_CADASTRO,DATA_EXCLUIDO,USUARIO_CADASTRO,USUARIO_EXCLUIR) values ('76','E085-6','28',null,to_timestamp('2016/04/18 16:16:32,261000000','YYYY/MM/DD HH24:MI:SSXFF'),null,'H045-3',null);
Insert into WEBACESSO.PERMISSAO (ID,LOGIN,FK_PERFIL,FK_UNIDADE,DATA_CADASTRO,DATA_EXCLUIDO,USUARIO_CADASTRO,USUARIO_EXCLUIR) values ('77','E016-3','28',null,to_timestamp('2016/04/18 16:16:44,837000000','YYYY/MM/DD HH24:MI:SSXFF'),null,'H045-3',null);
Insert into WEBACESSO.PERMISSAO (ID,LOGIN,FK_PERFIL,FK_UNIDADE,DATA_CADASTRO,DATA_EXCLUIDO,USUARIO_CADASTRO,USUARIO_EXCLUIR) values ('78','F045-2','28',null,to_timestamp('2016/04/18 16:16:57,432000000','YYYY/MM/DD HH24:MI:SSXFF'),null,'H045-3',null);
Insert into WEBACESSO.PERMISSAO (ID,LOGIN,FK_PERFIL,FK_UNIDADE,DATA_CADASTRO,DATA_EXCLUIDO,USUARIO_CADASTRO,USUARIO_EXCLUIR) values ('79','G082-2','28',null,to_timestamp('2016/04/18 16:17:13,003000000','YYYY/MM/DD HH24:MI:SSXFF'),null,'H045-3',null);
Insert into WEBACESSO.PERMISSAO (ID,LOGIN,FK_PERFIL,FK_UNIDADE,DATA_CADASTRO,DATA_EXCLUIDO,USUARIO_CADASTRO,USUARIO_EXCLUIR) values ('80','H011-9','28',null,to_timestamp('2016/04/18 16:17:25,454000000','YYYY/MM/DD HH24:MI:SSXFF'),null,'H045-3',null);
Insert into WEBACESSO.PERMISSAO (ID,LOGIN,FK_PERFIL,FK_UNIDADE,DATA_CADASTRO,DATA_EXCLUIDO,USUARIO_CADASTRO,USUARIO_EXCLUIR) values ('81','I043-2','28',null,to_timestamp('2016/04/18 16:17:38,482000000','YYYY/MM/DD HH24:MI:SSXFF'),null,'H045-3',null);
Insert into WEBACESSO.PERMISSAO (ID,LOGIN,FK_PERFIL,FK_UNIDADE,DATA_CADASTRO,DATA_EXCLUIDO,USUARIO_CADASTRO,USUARIO_EXCLUIR) values ('82','I014-9','28',null,to_timestamp('2016/04/18 16:17:51,104000000','YYYY/MM/DD HH24:MI:SSXFF'),null,'H045-3',null);
Insert into WEBACESSO.PERMISSAO (ID,LOGIN,FK_PERFIL,FK_UNIDADE,DATA_CADASTRO,DATA_EXCLUIDO,USUARIO_CADASTRO,USUARIO_EXCLUIR) values ('83','J038-1','28',null,to_timestamp('2016/04/18 16:18:06,675000000','YYYY/MM/DD HH24:MI:SSXFF'),null,'H045-3',null);
Insert into WEBACESSO.PERMISSAO (ID,LOGIN,FK_PERFIL,FK_UNIDADE,DATA_CADASTRO,DATA_EXCLUIDO,USUARIO_CADASTRO,USUARIO_EXCLUIR) values ('84','J181-7','28',null,to_timestamp('2016/04/18 16:18:29,387000000','YYYY/MM/DD HH24:MI:SSXFF'),null,'H045-3',null);
Insert into WEBACESSO.PERMISSAO (ID,LOGIN,FK_PERFIL,FK_UNIDADE,DATA_CADASTRO,DATA_EXCLUIDO,USUARIO_CADASTRO,USUARIO_EXCLUIR) values ('85','J132-9','28',null,to_timestamp('2016/04/18 16:18:41,740000000','YYYY/MM/DD HH24:MI:SSXFF'),null,'H045-3',null);
Insert into WEBACESSO.PERMISSAO (ID,LOGIN,FK_PERFIL,FK_UNIDADE,DATA_CADASTRO,DATA_EXCLUIDO,USUARIO_CADASTRO,USUARIO_EXCLUIR) values ('86','K019-1','28',null,to_timestamp('2016/04/18 16:18:54,644000000','YYYY/MM/DD HH24:MI:SSXFF'),null,'H045-3',null);
Insert into WEBACESSO.PERMISSAO (ID,LOGIN,FK_PERFIL,FK_UNIDADE,DATA_CADASTRO,DATA_EXCLUIDO,USUARIO_CADASTRO,USUARIO_EXCLUIR) values ('87','L080-3','28',null,to_timestamp('2016/04/18 16:19:20,588000000','YYYY/MM/DD HH24:MI:SSXFF'),null,'H045-3',null);
Insert into WEBACESSO.PERMISSAO (ID,LOGIN,FK_PERFIL,FK_UNIDADE,DATA_CADASTRO,DATA_EXCLUIDO,USUARIO_CADASTRO,USUARIO_EXCLUIR) values ('88','L067-6','28',null,to_timestamp('2016/04/18 16:19:37,812000000','YYYY/MM/DD HH24:MI:SSXFF'),null,'H045-3',null);
Insert into WEBACESSO.PERMISSAO (ID,LOGIN,FK_PERFIL,FK_UNIDADE,DATA_CADASTRO,DATA_EXCLUIDO,USUARIO_CADASTRO,USUARIO_EXCLUIR) values ('89','L112-5','28',null,to_timestamp('2016/04/18 16:19:52,061000000','YYYY/MM/DD HH24:MI:SSXFF'),null,'H045-3',null);
Insert into WEBACESSO.PERMISSAO (ID,LOGIN,FK_PERFIL,FK_UNIDADE,DATA_CADASTRO,DATA_EXCLUIDO,USUARIO_CADASTRO,USUARIO_EXCLUIR) values ('90','L023-4','28',null,to_timestamp('2016/04/18 16:20:06,915000000','YYYY/MM/DD HH24:MI:SSXFF'),null,'H045-3',null);
Insert into WEBACESSO.PERMISSAO (ID,LOGIN,FK_PERFIL,FK_UNIDADE,DATA_CADASTRO,DATA_EXCLUIDO,USUARIO_CADASTRO,USUARIO_EXCLUIR) values ('91','L181-8','28',null,to_timestamp('2016/04/18 16:20:18,794000000','YYYY/MM/DD HH24:MI:SSXFF'),null,'H045-3',null);
Insert into WEBACESSO.PERMISSAO (ID,LOGIN,FK_PERFIL,FK_UNIDADE,DATA_CADASTRO,DATA_EXCLUIDO,USUARIO_CADASTRO,USUARIO_EXCLUIR) values ('92','M159-7','28',null,to_timestamp('2016/04/18 16:20:47,062000000','YYYY/MM/DD HH24:MI:SSXFF'),null,'H045-3',null);
Insert into WEBACESSO.PERMISSAO (ID,LOGIN,FK_PERFIL,FK_UNIDADE,DATA_CADASTRO,DATA_EXCLUIDO,USUARIO_CADASTRO,USUARIO_EXCLUIR) values ('93','P072-4','28',null,to_timestamp('2016/04/18 16:21:08,509000000','YYYY/MM/DD HH24:MI:SSXFF'),null,'H045-3',null);
Insert into WEBACESSO.PERMISSAO (ID,LOGIN,FK_PERFIL,FK_UNIDADE,DATA_CADASTRO,DATA_EXCLUIDO,USUARIO_CADASTRO,USUARIO_EXCLUIR) values ('94','P005-8','28',null,to_timestamp('2016/04/18 16:21:27,929000000','YYYY/MM/DD HH24:MI:SSXFF'),null,'H045-3',null);
Insert into WEBACESSO.PERMISSAO (ID,LOGIN,FK_PERFIL,FK_UNIDADE,DATA_CADASTRO,DATA_EXCLUIDO,USUARIO_CADASTRO,USUARIO_EXCLUIR) values ('95','R168-3','28',null,to_timestamp('2016/04/18 16:21:43,434000000','YYYY/MM/DD HH24:MI:SSXFF'),null,'H045-3',null);
Insert into WEBACESSO.PERMISSAO (ID,LOGIN,FK_PERFIL,FK_UNIDADE,DATA_CADASTRO,DATA_EXCLUIDO,USUARIO_CADASTRO,USUARIO_EXCLUIR) values ('96','R003-2','28',null,to_timestamp('2016/04/18 16:21:53,963000000','YYYY/MM/DD HH24:MI:SSXFF'),null,'H045-3',null);
Insert into WEBACESSO.PERMISSAO (ID,LOGIN,FK_PERFIL,FK_UNIDADE,DATA_CADASTRO,DATA_EXCLUIDO,USUARIO_CADASTRO,USUARIO_EXCLUIR) values ('97','R077-6','28',null,to_timestamp('2016/04/18 16:22:08,629000000','YYYY/MM/DD HH24:MI:SSXFF'),null,'H045-3',null);
Insert into WEBACESSO.PERMISSAO (ID,LOGIN,FK_PERFIL,FK_UNIDADE,DATA_CADASTRO,DATA_EXCLUIDO,USUARIO_CADASTRO,USUARIO_EXCLUIR) values ('98','S049-6','28',null,to_timestamp('2016/04/18 16:22:22,102000000','YYYY/MM/DD HH24:MI:SSXFF'),null,'H045-3',null);
Insert into WEBACESSO.PERMISSAO (ID,LOGIN,FK_PERFIL,FK_UNIDADE,DATA_CADASTRO,DATA_EXCLUIDO,USUARIO_CADASTRO,USUARIO_EXCLUIR) values ('99','S035-6','28',null,to_timestamp('2016/04/18 16:22:39,679000000','YYYY/MM/DD HH24:MI:SSXFF'),null,'H045-3',null);
Insert into WEBACESSO.PERMISSAO (ID,LOGIN,FK_PERFIL,FK_UNIDADE,DATA_CADASTRO,DATA_EXCLUIDO,USUARIO_CADASTRO,USUARIO_EXCLUIR) values ('100','S087-9','28',null,to_timestamp('2016/04/18 16:22:52,434000000','YYYY/MM/DD HH24:MI:SSXFF'),null,'H045-3',null);
Insert into WEBACESSO.PERMISSAO (ID,LOGIN,FK_PERFIL,FK_UNIDADE,DATA_CADASTRO,DATA_EXCLUIDO,USUARIO_CADASTRO,USUARIO_EXCLUIR) values ('101','V075-1','28',null,to_timestamp('2016/04/18 16:23:06,743000000','YYYY/MM/DD HH24:MI:SSXFF'),null,'H045-3',null);
Insert into WEBACESSO.PERMISSAO (ID,LOGIN,FK_PERFIL,FK_UNIDADE,DATA_CADASTRO,DATA_EXCLUIDO,USUARIO_CADASTRO,USUARIO_EXCLUIR) values ('102','V072-7','28',null,to_timestamp('2016/04/18 16:23:21,691000000','YYYY/MM/DD HH24:MI:SSXFF'),null,'H045-3',null);
Insert into WEBACESSO.PERMISSAO (ID,LOGIN,FK_PERFIL,FK_UNIDADE,DATA_CADASTRO,DATA_EXCLUIDO,USUARIO_CADASTRO,USUARIO_EXCLUIR) values ('103','J007-1','29',null,to_timestamp('2016/04/18 16:24:21,535000000','YYYY/MM/DD HH24:MI:SSXFF'),null,'H045-3',null);
Insert into WEBACESSO.PERMISSAO (ID,LOGIN,FK_PERFIL,FK_UNIDADE,DATA_CADASTRO,DATA_EXCLUIDO,USUARIO_CADASTRO,USUARIO_EXCLUIR) values ('104','M064-7','29',null,to_timestamp('2016/04/18 16:24:33,303000000','YYYY/MM/DD HH24:MI:SSXFF'),null,'H045-3',null);
Insert into WEBACESSO.PERMISSAO (ID,LOGIN,FK_PERFIL,FK_UNIDADE,DATA_CADASTRO,DATA_EXCLUIDO,USUARIO_CADASTRO,USUARIO_EXCLUIR) values ('105','S104-2','29',null,to_timestamp('2016/04/18 16:24:58,299000000','YYYY/MM/DD HH24:MI:SSXFF'),null,'H045-3',null);
Insert into WEBACESSO.PERMISSAO (ID,LOGIN,FK_PERFIL,FK_UNIDADE,DATA_CADASTRO,DATA_EXCLUIDO,USUARIO_CADASTRO,USUARIO_EXCLUIR) values ('106','W006-4','35',null,to_timestamp('2016/04/22 08:20:01,419000000','YYYY/MM/DD HH24:MI:SSXFF'),null,'H045-3',null);
Insert into WEBACESSO.PERMISSAO (ID,LOGIN,FK_PERFIL,FK_UNIDADE,DATA_CADASTRO,DATA_EXCLUIDO,USUARIO_CADASTRO,USUARIO_EXCLUIR) values ('107','N004-9','35',null,to_timestamp('2016/04/22 08:20:14,705000000','YYYY/MM/DD HH24:MI:SSXFF'),null,'H045-3',null);
Insert into WEBACESSO.PERMISSAO (ID,LOGIN,FK_PERFIL,FK_UNIDADE,DATA_CADASTRO,DATA_EXCLUIDO,USUARIO_CADASTRO,USUARIO_EXCLUIR) values ('108','F048-7','35',null,to_timestamp('2016/04/22 08:20:27,854000000','YYYY/MM/DD HH24:MI:SSXFF'),null,'H045-3',null);
Insert into WEBACESSO.PERMISSAO (ID,LOGIN,FK_PERFIL,FK_UNIDADE,DATA_CADASTRO,DATA_EXCLUIDO,USUARIO_CADASTRO,USUARIO_EXCLUIR) values ('109','H045-3','35',null,to_timestamp('2016/04/22 08:21:03,349000000','YYYY/MM/DD HH24:MI:SSXFF'),null,'H045-3',null);
Insert into WEBACESSO.PERMISSAO (ID,LOGIN,FK_PERFIL,FK_UNIDADE,DATA_CADASTRO,DATA_EXCLUIDO,USUARIO_CADASTRO,USUARIO_EXCLUIR) values ('28','J129-9','5',null,to_timestamp('2016/01/13 11:02:44,859000000','YYYY/MM/DD HH24:MI:SSXFF'),null,'H045-3',null);
Insert into WEBACESSO.PERMISSAO (ID,LOGIN,FK_PERFIL,FK_UNIDADE,DATA_CADASTRO,DATA_EXCLUIDO,USUARIO_CADASTRO,USUARIO_EXCLUIR) values ('35','R098-9','26',null,to_timestamp('2016/02/01 10:41:23,087000000','YYYY/MM/DD HH24:MI:SSXFF'),null,'H045-3',null);
Insert into WEBACESSO.PERMISSAO (ID,LOGIN,FK_PERFIL,FK_UNIDADE,DATA_CADASTRO,DATA_EXCLUIDO,USUARIO_CADASTRO,USUARIO_EXCLUIR) values ('36','R057-1','26',null,to_timestamp('2016/02/01 10:41:32,153000000','YYYY/MM/DD HH24:MI:SSXFF'),null,'H045-3',null);
Insert into WEBACESSO.PERMISSAO (ID,LOGIN,FK_PERFIL,FK_UNIDADE,DATA_CADASTRO,DATA_EXCLUIDO,USUARIO_CADASTRO,USUARIO_EXCLUIR) values ('37','R098-9','5',null,to_timestamp('2016/02/01 10:42:11,840000000','YYYY/MM/DD HH24:MI:SSXFF'),null,'H045-3',null);
Insert into WEBACESSO.PERMISSAO (ID,LOGIN,FK_PERFIL,FK_UNIDADE,DATA_CADASTRO,DATA_EXCLUIDO,USUARIO_CADASTRO,USUARIO_EXCLUIR) values ('39','R057-1','5',null,to_timestamp('2016/02/17 00:00:00,000000000','YYYY/MM/DD HH24:MI:SSXFF'),null,'H045-3',null);
Insert into WEBACESSO.PERMISSAO (ID,LOGIN,FK_PERFIL,FK_UNIDADE,DATA_CADASTRO,DATA_EXCLUIDO,USUARIO_CADASTRO,USUARIO_EXCLUIR) values ('40','VARA','27',null,to_timestamp('2016/03/16 09:01:30,859000000','YYYY/MM/DD HH24:MI:SSXFF'),null,'H045-3',null);
Insert into WEBACESSO.PERMISSAO (ID,LOGIN,FK_PERFIL,FK_UNIDADE,DATA_CADASTRO,DATA_EXCLUIDO,USUARIO_CADASTRO,USUARIO_EXCLUIR) values ('57','GABINETE','27',null,to_timestamp('2016/04/04 09:58:54,318000000','YYYY/MM/DD HH24:MI:SSXFF'),null,'H045-3',null);
Insert into WEBACESSO.PERMISSAO (ID,LOGIN,FK_PERFIL,FK_UNIDADE,DATA_CADASTRO,DATA_EXCLUIDO,USUARIO_CADASTRO,USUARIO_EXCLUIR) values ('58','JUIZ_TITULAR','27',null,to_timestamp('2016/04/04 09:59:11,939000000','YYYY/MM/DD HH24:MI:SSXFF'),to_timestamp('2016/07/18 09:17:58,345000000','YYYY/MM/DD HH24:MI:SSXFF'),'H045-3','R098-9');
Insert into WEBACESSO.PERMISSAO (ID,LOGIN,FK_PERFIL,FK_UNIDADE,DATA_CADASTRO,DATA_EXCLUIDO,USUARIO_CADASTRO,USUARIO_EXCLUIR) values ('59','DESEMBARGADOR','27',null,to_timestamp('2016/04/04 09:59:20,349000000','YYYY/MM/DD HH24:MI:SSXFF'),null,'H045-3',null);
Insert into WEBACESSO.PERMISSAO (ID,LOGIN,FK_PERFIL,FK_UNIDADE,DATA_CADASTRO,DATA_EXCLUIDO,USUARIO_CADASTRO,USUARIO_EXCLUIR) values ('65','A168-1','21',null,to_timestamp('2016/04/18 13:12:32,811000000','YYYY/MM/DD HH24:MI:SSXFF'),null,'H045-3',null);
Insert into WEBACESSO.PERMISSAO (ID,LOGIN,FK_PERFIL,FK_UNIDADE,DATA_CADASTRO,DATA_EXCLUIDO,USUARIO_CADASTRO,USUARIO_EXCLUIR) values ('30','F092-4','5',null,to_timestamp('2016/01/26 08:45:29,080000000','YYYY/MM/DD HH24:MI:SSXFF'),null,'H045-3',null);
Insert into WEBACESSO.PERMISSAO (ID,LOGIN,FK_PERFIL,FK_UNIDADE,DATA_CADASTRO,DATA_EXCLUIDO,USUARIO_CADASTRO,USUARIO_EXCLUIR) values ('33','F092-4','26',null,to_timestamp('2016/01/27 12:43:15,260000000','YYYY/MM/DD HH24:MI:SSXFF'),null,'H045-3',null);
Insert into WEBACESSO.PERMISSAO (ID,LOGIN,FK_PERFIL,FK_UNIDADE,DATA_CADASTRO,DATA_EXCLUIDO,USUARIO_CADASTRO,USUARIO_EXCLUIR) values ('34','J129-9','26',null,to_timestamp('2016/01/27 12:53:47,819000000','YYYY/MM/DD HH24:MI:SSXFF'),null,'J129-9',null);
Insert into WEBACESSO.PERMISSAO (ID,LOGIN,FK_PERFIL,FK_UNIDADE,DATA_CADASTRO,DATA_EXCLUIDO,USUARIO_CADASTRO,USUARIO_EXCLUIR) values ('41','H045-3','28',null,to_timestamp('2016/03/16 12:25:16,673000000','YYYY/MM/DD HH24:MI:SSXFF'),null,'H045-3',null);
Insert into WEBACESSO.PERMISSAO (ID,LOGIN,FK_PERFIL,FK_UNIDADE,DATA_CADASTRO,DATA_EXCLUIDO,USUARIO_CADASTRO,USUARIO_EXCLUIR) values ('50','F092-4','29',null,to_timestamp('2016/03/18 08:28:54,132000000','YYYY/MM/DD HH24:MI:SSXFF'),null,'H045-3',null);
Insert into WEBACESSO.PERMISSAO (ID,LOGIN,FK_PERFIL,FK_UNIDADE,DATA_CADASTRO,DATA_EXCLUIDO,USUARIO_CADASTRO,USUARIO_EXCLUIR) values ('48','H045-3','29',null,to_timestamp('2016/03/18 08:28:30,753000000','YYYY/MM/DD HH24:MI:SSXFF'),null,'H045-3',null);
Insert into WEBACESSO.PERMISSAO (ID,LOGIN,FK_PERFIL,FK_UNIDADE,DATA_CADASTRO,DATA_EXCLUIDO,USUARIO_CADASTRO,USUARIO_EXCLUIR) values ('49','A168-1','29',null,to_timestamp('2016/03/18 08:28:41,425000000','YYYY/MM/DD HH24:MI:SSXFF'),null,'H045-3',null);
Insert into WEBACESSO.PERMISSAO (ID,LOGIN,FK_PERFIL,FK_UNIDADE,DATA_CADASTRO,DATA_EXCLUIDO,USUARIO_CADASTRO,USUARIO_EXCLUIR) values ('51','R098-9','29',null,to_timestamp('2016/03/18 08:29:08,260000000','YYYY/MM/DD HH24:MI:SSXFF'),null,'H045-3',null);
Insert into WEBACESSO.PERMISSAO (ID,LOGIN,FK_PERFIL,FK_UNIDADE,DATA_CADASTRO,DATA_EXCLUIDO,USUARIO_CADASTRO,USUARIO_EXCLUIR) values ('52','R057-1','29',null,to_timestamp('2016/03/18 08:29:18,510000000','YYYY/MM/DD HH24:MI:SSXFF'),null,'H045-3',null);
Insert into WEBACESSO.PERMISSAO (ID,LOGIN,FK_PERFIL,FK_UNIDADE,DATA_CADASTRO,DATA_EXCLUIDO,USUARIO_CADASTRO,USUARIO_EXCLUIR) values ('53','J129-9','29',null,to_timestamp('2016/03/18 08:29:40,216000000','YYYY/MM/DD HH24:MI:SSXFF'),null,'H045-3',null);
Insert into WEBACESSO.PERMISSAO (ID,LOGIN,FK_PERFIL,FK_UNIDADE,DATA_CADASTRO,DATA_EXCLUIDO,USUARIO_CADASTRO,USUARIO_EXCLUIR) values ('54','S009-7','28',null,to_timestamp('2016/03/21 12:29:24,923000000','YYYY/MM/DD HH24:MI:SSXFF'),null,'H045-3',null);
Insert into WEBACESSO.PERMISSAO (ID,LOGIN,FK_PERFIL,FK_UNIDADE,DATA_CADASTRO,DATA_EXCLUIDO,USUARIO_CADASTRO,USUARIO_EXCLUIR) values ('55','S009-7','29',null,to_timestamp('2016/03/21 12:29:37,768000000','YYYY/MM/DD HH24:MI:SSXFF'),null,'H045-3',null);
Insert into WEBACESSO.PERMISSAO (ID,LOGIN,FK_PERFIL,FK_UNIDADE,DATA_CADASTRO,DATA_EXCLUIDO,USUARIO_CADASTRO,USUARIO_EXCLUIR) values ('60','S009-7','26',null,to_timestamp('2016/04/11 10:09:39,182000000','YYYY/MM/DD HH24:MI:SSXFF'),null,'H045-3',null);
Insert into WEBACESSO.PERMISSAO (ID,LOGIN,FK_PERFIL,FK_UNIDADE,DATA_CADASTRO,DATA_EXCLUIDO,USUARIO_CADASTRO,USUARIO_EXCLUIR) values ('64','H045-3','34',null,to_timestamp('2016/04/15 13:20:32,640000000','YYYY/MM/DD HH24:MI:SSXFF'),null,'H045-3',null);
Insert into WEBACESSO.PERMISSAO (ID,LOGIN,FK_PERFIL,FK_UNIDADE,DATA_CADASTRO,DATA_EXCLUIDO,USUARIO_CADASTRO,USUARIO_EXCLUIR) values ('32','H045-3','26',null,to_timestamp('2016/01/27 09:09:08,016000000','YYYY/MM/DD HH24:MI:SSXFF'),null,'J129-9',null);
Insert into WEBACESSO.PERMISSAO (ID,LOGIN,FK_PERFIL,FK_UNIDADE,DATA_CADASTRO,DATA_EXCLUIDO,USUARIO_CADASTRO,USUARIO_EXCLUIR) values ('42','A168-1','28',null,to_timestamp('2016/03/17 08:57:00,121000000','YYYY/MM/DD HH24:MI:SSXFF'),null,'H045-3',null);
Insert into WEBACESSO.PERMISSAO (ID,LOGIN,FK_PERFIL,FK_UNIDADE,DATA_CADASTRO,DATA_EXCLUIDO,USUARIO_CADASTRO,USUARIO_EXCLUIR) values ('43','R057-1','28',null,to_timestamp('2016/03/17 08:57:14,064000000','YYYY/MM/DD HH24:MI:SSXFF'),null,'H045-3',null);
Insert into WEBACESSO.PERMISSAO (ID,LOGIN,FK_PERFIL,FK_UNIDADE,DATA_CADASTRO,DATA_EXCLUIDO,USUARIO_CADASTRO,USUARIO_EXCLUIR) values ('44','F092-4','28',null,to_timestamp('2016/03/17 08:57:31,991000000','YYYY/MM/DD HH24:MI:SSXFF'),null,'H045-3',null);
Insert into WEBACESSO.PERMISSAO (ID,LOGIN,FK_PERFIL,FK_UNIDADE,DATA_CADASTRO,DATA_EXCLUIDO,USUARIO_CADASTRO,USUARIO_EXCLUIR) values ('45','R098-9','28',null,to_timestamp('2016/03/17 08:57:43,791000000','YYYY/MM/DD HH24:MI:SSXFF'),null,'H045-3',null);
Insert into WEBACESSO.PERMISSAO (ID,LOGIN,FK_PERFIL,FK_UNIDADE,DATA_CADASTRO,DATA_EXCLUIDO,USUARIO_CADASTRO,USUARIO_EXCLUIR) values ('46','J129-9','28',null,to_timestamp('2016/03/17 08:58:34,351000000','YYYY/MM/DD HH24:MI:SSXFF'),null,'H045-3',null);
Insert into WEBACESSO.PERMISSAO (ID,LOGIN,FK_PERFIL,FK_UNIDADE,DATA_CADASTRO,DATA_EXCLUIDO,USUARIO_CADASTRO,USUARIO_EXCLUIR) values ('122','D054-1','36',null,to_timestamp('2016/07/14 12:20:39,012000000','YYYY/MM/DD HH24:MI:SSXFF'),to_timestamp('2016/10/04 14:15:16,577000000','YYYY/MM/DD HH24:MI:SSXFF'),'H045-3','R098-9');
Insert into WEBACESSO.PERMISSAO (ID,LOGIN,FK_PERFIL,FK_UNIDADE,DATA_CADASTRO,DATA_EXCLUIDO,USUARIO_CADASTRO,USUARIO_EXCLUIR) values ('123','JUIZ_TITULAR','38',null,to_timestamp('2016/07/15 09:27:25,600000000','YYYY/MM/DD HH24:MI:SSXFF'),null,'R098-9',null);
Insert into WEBACESSO.PERMISSAO (ID,LOGIN,FK_PERFIL,FK_UNIDADE,DATA_CADASTRO,DATA_EXCLUIDO,USUARIO_CADASTRO,USUARIO_EXCLUIR) values ('129','R057-1','37',null,to_timestamp('2016/08/03 13:42:27,855000000','YYYY/MM/DD HH24:MI:SSXFF'),null,'R057-1',null);
Insert into WEBACESSO.PERMISSAO (ID,LOGIN,FK_PERFIL,FK_UNIDADE,DATA_CADASTRO,DATA_EXCLUIDO,USUARIO_CADASTRO,USUARIO_EXCLUIR) values ('130','R057-1','41',null,to_timestamp('2016/08/08 11:46:35,503000000','YYYY/MM/DD HH24:MI:SSXFF'),null,'R057-1',null);
Insert into WEBACESSO.PERMISSAO (ID,LOGIN,FK_PERFIL,FK_UNIDADE,DATA_CADASTRO,DATA_EXCLUIDO,USUARIO_CADASTRO,USUARIO_EXCLUIR) values ('131','R057-1','42',null,to_timestamp('2016/08/08 11:46:49,358000000','YYYY/MM/DD HH24:MI:SSXFF'),to_timestamp('2016/08/29 10:39:45,404000000','YYYY/MM/DD HH24:MI:SSXFF'),'R057-1','H045-3');
Insert into WEBACESSO.PERMISSAO (ID,LOGIN,FK_PERFIL,FK_UNIDADE,DATA_CADASTRO,DATA_EXCLUIDO,USUARIO_CADASTRO,USUARIO_EXCLUIR) values ('132','PUBLICO','42',null,to_timestamp('2016/08/09 10:55:43,066000000','YYYY/MM/DD HH24:MI:SSXFF'),to_timestamp('2016/08/29 10:39:56,137000000','YYYY/MM/DD HH24:MI:SSXFF'),'R057-1','H045-3');
Insert into WEBACESSO.PERMISSAO (ID,LOGIN,FK_PERFIL,FK_UNIDADE,DATA_CADASTRO,DATA_EXCLUIDO,USUARIO_CADASTRO,USUARIO_EXCLUIR) values ('133','R057-1','43',null,to_timestamp('2016/08/29 10:20:55,624000000','YYYY/MM/DD HH24:MI:SSXFF'),null,'R057-1',null);
Insert into WEBACESSO.PERMISSAO (ID,LOGIN,FK_PERFIL,FK_UNIDADE,DATA_CADASTRO,DATA_EXCLUIDO,USUARIO_CADASTRO,USUARIO_EXCLUIR) values ('134','SERVIDOR','42',null,to_timestamp('2016/08/29 10:40:44,332000000','YYYY/MM/DD HH24:MI:SSXFF'),null,'H045-3',null);
Insert into WEBACESSO.PERMISSAO (ID,LOGIN,FK_PERFIL,FK_UNIDADE,DATA_CADASTRO,DATA_EXCLUIDO,USUARIO_CADASTRO,USUARIO_EXCLUIR) values ('135','H045-3','37',null,to_timestamp('2016/08/29 10:41:05,625000000','YYYY/MM/DD HH24:MI:SSXFF'),null,'H045-3',null);
Insert into WEBACESSO.PERMISSAO (ID,LOGIN,FK_PERFIL,FK_UNIDADE,DATA_CADASTRO,DATA_EXCLUIDO,USUARIO_CADASTRO,USUARIO_EXCLUIR) values ('141','F092-4','47',null,to_timestamp('2016/10/10 12:37:35,093000000','YYYY/MM/DD HH24:MI:SSXFF'),null,'R098-9',null);
Insert into WEBACESSO.PERMISSAO (ID,LOGIN,FK_PERFIL,FK_UNIDADE,DATA_CADASTRO,DATA_EXCLUIDO,USUARIO_CADASTRO,USUARIO_EXCLUIR) values ('142','J129-9','48','355',to_timestamp('2016/10/10 13:22:13,226000000','YYYY/MM/DD HH24:MI:SSXFF'),null,'J129-9',null);
Insert into WEBACESSO.PERMISSAO (ID,LOGIN,FK_PERFIL,FK_UNIDADE,DATA_CADASTRO,DATA_EXCLUIDO,USUARIO_CADASTRO,USUARIO_EXCLUIR) values ('143','R098-9','49',null,to_timestamp('2016/10/11 12:51:11,347000000','YYYY/MM/DD HH24:MI:SSXFF'),null,'R098-9',null);
Insert into WEBACESSO.PERMISSAO (ID,LOGIN,FK_PERFIL,FK_UNIDADE,DATA_CADASTRO,DATA_EXCLUIDO,USUARIO_CADASTRO,USUARIO_EXCLUIR) values ('144','R098-9','50',null,to_timestamp('2016/10/11 12:55:24,522000000','YYYY/MM/DD HH24:MI:SSXFF'),null,'R098-9',null);
Insert into WEBACESSO.PERMISSAO (ID,LOGIN,FK_PERFIL,FK_UNIDADE,DATA_CADASTRO,DATA_EXCLUIDO,USUARIO_CADASTRO,USUARIO_EXCLUIR) values ('121','A168-1','36',null,to_timestamp('2016/07/13 13:38:58,170000000','YYYY/MM/DD HH24:MI:SSXFF'),to_timestamp('2016/07/13 13:39:07,780000000','YYYY/MM/DD HH24:MI:SSXFF'),'R098-9','R098-9');
Insert into WEBACESSO.PERMISSAO (ID,LOGIN,FK_PERFIL,FK_UNIDADE,DATA_CADASTRO,DATA_EXCLUIDO,USUARIO_CADASTRO,USUARIO_EXCLUIR) values ('124','F092-4','37',null,to_timestamp('2016/07/28 08:27:02,880000000','YYYY/MM/DD HH24:MI:SSXFF'),null,'R098-9',null);
Insert into WEBACESSO.PERMISSAO (ID,LOGIN,FK_PERFIL,FK_UNIDADE,DATA_CADASTRO,DATA_EXCLUIDO,USUARIO_CADASTRO,USUARIO_EXCLUIR) values ('176','A199-1','53','355',to_timestamp('2016/12/06 11:04:13,113297000','YYYY/MM/DD HH24:MI:SSXFF'),null,'J129-9',null);
Insert into WEBACESSO.PERMISSAO (ID,LOGIN,FK_PERFIL,FK_UNIDADE,DATA_CADASTRO,DATA_EXCLUIDO,USUARIO_CADASTRO,USUARIO_EXCLUIR) values ('145','R098-9','54',null,to_timestamp('2016/10/18 08:23:01,312000000','YYYY/MM/DD HH24:MI:SSXFF'),null,'R098-9',null);
Insert into WEBACESSO.PERMISSAO (ID,LOGIN,FK_PERFIL,FK_UNIDADE,DATA_CADASTRO,DATA_EXCLUIDO,USUARIO_CADASTRO,USUARIO_EXCLUIR) values ('152','B022-1','54',null,to_timestamp('2016/10/25 11:52:45,862000000','YYYY/MM/DD HH24:MI:SSXFF'),null,'R098-9',null);
Insert into WEBACESSO.PERMISSAO (ID,LOGIN,FK_PERFIL,FK_UNIDADE,DATA_CADASTRO,DATA_EXCLUIDO,USUARIO_CADASTRO,USUARIO_EXCLUIR) values ('175','A199-1','48','355',to_timestamp('2016/12/06 11:03:19,967007000','YYYY/MM/DD HH24:MI:SSXFF'),null,'J129-9',null);
Insert into WEBACESSO.PERMISSAO (ID,LOGIN,FK_PERFIL,FK_UNIDADE,DATA_CADASTRO,DATA_EXCLUIDO,USUARIO_CADASTRO,USUARIO_EXCLUIR) values ('177','A199-1','52','355',to_timestamp('2016/12/06 11:04:13,123360000','YYYY/MM/DD HH24:MI:SSXFF'),null,'J129-9',null);
Insert into WEBACESSO.PERMISSAO (ID,LOGIN,FK_PERFIL,FK_UNIDADE,DATA_CADASTRO,DATA_EXCLUIDO,USUARIO_CADASTRO,USUARIO_EXCLUIR) values ('208','C052-9','37',null,to_timestamp('2016/12/15 13:46:50,414000000','YYYY/MM/DD HH24:MI:SSXFF'),null,'H045-3',null);
Insert into WEBACESSO.PERMISSAO (ID,LOGIN,FK_PERFIL,FK_UNIDADE,DATA_CADASTRO,DATA_EXCLUIDO,USUARIO_CADASTRO,USUARIO_EXCLUIR) values ('179','A199-1','56','355',to_timestamp('2016/12/06 11:04:13,138886000','YYYY/MM/DD HH24:MI:SSXFF'),null,'J129-9',null);
Insert into WEBACESSO.PERMISSAO (ID,LOGIN,FK_PERFIL,FK_UNIDADE,DATA_CADASTRO,DATA_EXCLUIDO,USUARIO_CADASTRO,USUARIO_EXCLUIR) values ('180','F011-8','48','355',to_timestamp('2016/12/06 11:04:13,147537000','YYYY/MM/DD HH24:MI:SSXFF'),null,'J129-9',null);
Insert into WEBACESSO.PERMISSAO (ID,LOGIN,FK_PERFIL,FK_UNIDADE,DATA_CADASTRO,DATA_EXCLUIDO,USUARIO_CADASTRO,USUARIO_EXCLUIR) values ('181','F011-8','53','355',to_timestamp('2016/12/06 11:04:13,155539000','YYYY/MM/DD HH24:MI:SSXFF'),null,'J129-9',null);
Insert into WEBACESSO.PERMISSAO (ID,LOGIN,FK_PERFIL,FK_UNIDADE,DATA_CADASTRO,DATA_EXCLUIDO,USUARIO_CADASTRO,USUARIO_EXCLUIR) values ('182','F011-8','52','355',to_timestamp('2016/12/06 11:04:13,164246000','YYYY/MM/DD HH24:MI:SSXFF'),null,'J129-9',null);
Insert into WEBACESSO.PERMISSAO (ID,LOGIN,FK_PERFIL,FK_UNIDADE,DATA_CADASTRO,DATA_EXCLUIDO,USUARIO_CADASTRO,USUARIO_EXCLUIR) values ('209','E117-8','37',null,to_timestamp('2016/12/15 13:46:59,001000000','YYYY/MM/DD HH24:MI:SSXFF'),null,'H045-3',null);
Insert into WEBACESSO.PERMISSAO (ID,LOGIN,FK_PERFIL,FK_UNIDADE,DATA_CADASTRO,DATA_EXCLUIDO,USUARIO_CADASTRO,USUARIO_EXCLUIR) values ('184','F011-8','56','355',to_timestamp('2016/12/06 11:04:13,182588000','YYYY/MM/DD HH24:MI:SSXFF'),null,'J129-9',null);
Insert into WEBACESSO.PERMISSAO (ID,LOGIN,FK_PERFIL,FK_UNIDADE,DATA_CADASTRO,DATA_EXCLUIDO,USUARIO_CADASTRO,USUARIO_EXCLUIR) values ('210','J129-9','58','355',to_timestamp('2016/12/16 10:44:02,803000000','YYYY/MM/DD HH24:MI:SSXFF'),null,'J129-9',null);
Insert into WEBACESSO.PERMISSAO (ID,LOGIN,FK_PERFIL,FK_UNIDADE,DATA_CADASTRO,DATA_EXCLUIDO,USUARIO_CADASTRO,USUARIO_EXCLUIR) values ('186','H045-3','53','355',to_timestamp('2016/12/06 11:04:13,202206000','YYYY/MM/DD HH24:MI:SSXFF'),null,'J129-9',null);
Insert into WEBACESSO.PERMISSAO (ID,LOGIN,FK_PERFIL,FK_UNIDADE,DATA_CADASTRO,DATA_EXCLUIDO,USUARIO_CADASTRO,USUARIO_EXCLUIR) values ('187','H045-3','52','355',to_timestamp('2016/12/06 11:04:13,210217000','YYYY/MM/DD HH24:MI:SSXFF'),null,'J129-9',null);
Insert into WEBACESSO.PERMISSAO (ID,LOGIN,FK_PERFIL,FK_UNIDADE,DATA_CADASTRO,DATA_EXCLUIDO,USUARIO_CADASTRO,USUARIO_EXCLUIR) values ('188','H045-3','51','355',to_timestamp('2016/12/06 11:04:13,217114000','YYYY/MM/DD HH24:MI:SSXFF'),null,'J129-9',null);
Insert into WEBACESSO.PERMISSAO (ID,LOGIN,FK_PERFIL,FK_UNIDADE,DATA_CADASTRO,DATA_EXCLUIDO,USUARIO_CADASTRO,USUARIO_EXCLUIR) values ('189','H045-3','56','355',to_timestamp('2016/12/06 11:04:13,223289000','YYYY/MM/DD HH24:MI:SSXFF'),null,'J129-9',null);
Insert into WEBACESSO.PERMISSAO (ID,LOGIN,FK_PERFIL,FK_UNIDADE,DATA_CADASTRO,DATA_EXCLUIDO,USUARIO_CADASTRO,USUARIO_EXCLUIR) values ('191','J059-4','53','355',to_timestamp('2016/12/06 11:04:13,240892000','YYYY/MM/DD HH24:MI:SSXFF'),null,'J129-9',null);
Insert into WEBACESSO.PERMISSAO (ID,LOGIN,FK_PERFIL,FK_UNIDADE,DATA_CADASTRO,DATA_EXCLUIDO,USUARIO_CADASTRO,USUARIO_EXCLUIR) values ('192','J059-4','52','355',to_timestamp('2016/12/06 11:04:13,248824000','YYYY/MM/DD HH24:MI:SSXFF'),null,'J129-9',null);
Insert into WEBACESSO.PERMISSAO (ID,LOGIN,FK_PERFIL,FK_UNIDADE,DATA_CADASTRO,DATA_EXCLUIDO,USUARIO_CADASTRO,USUARIO_EXCLUIR) values ('193','J059-4','51','355',to_timestamp('2016/12/06 11:04:13,257547000','YYYY/MM/DD HH24:MI:SSXFF'),null,'J129-9',null);
Insert into WEBACESSO.PERMISSAO (ID,LOGIN,FK_PERFIL,FK_UNIDADE,DATA_CADASTRO,DATA_EXCLUIDO,USUARIO_CADASTRO,USUARIO_EXCLUIR) values ('194','J059-4','56','355',to_timestamp('2016/12/06 11:04:13,265638000','YYYY/MM/DD HH24:MI:SSXFF'),null,'J129-9',null);
Insert into WEBACESSO.PERMISSAO (ID,LOGIN,FK_PERFIL,FK_UNIDADE,DATA_CADASTRO,DATA_EXCLUIDO,USUARIO_CADASTRO,USUARIO_EXCLUIR) values ('195','R081-4','48','355',to_timestamp('2016/12/06 11:04:13,274134000','YYYY/MM/DD HH24:MI:SSXFF'),null,'J129-9',null);
Insert into WEBACESSO.PERMISSAO (ID,LOGIN,FK_PERFIL,FK_UNIDADE,DATA_CADASTRO,DATA_EXCLUIDO,USUARIO_CADASTRO,USUARIO_EXCLUIR) values ('197','R081-4','52','355',to_timestamp('2016/12/06 11:04:13,292565000','YYYY/MM/DD HH24:MI:SSXFF'),null,'J129-9',null);
Insert into WEBACESSO.PERMISSAO (ID,LOGIN,FK_PERFIL,FK_UNIDADE,DATA_CADASTRO,DATA_EXCLUIDO,USUARIO_CADASTRO,USUARIO_EXCLUIR) values ('198','R081-4','51','355',to_timestamp('2016/12/06 11:04:13,302404000','YYYY/MM/DD HH24:MI:SSXFF'),null,'J129-9',null);
Insert into WEBACESSO.PERMISSAO (ID,LOGIN,FK_PERFIL,FK_UNIDADE,DATA_CADASTRO,DATA_EXCLUIDO,USUARIO_CADASTRO,USUARIO_EXCLUIR) values ('199','R081-4','56','355',to_timestamp('2016/12/06 11:04:13,311666000','YYYY/MM/DD HH24:MI:SSXFF'),null,'J129-9',null);
Insert into WEBACESSO.PERMISSAO (ID,LOGIN,FK_PERFIL,FK_UNIDADE,DATA_CADASTRO,DATA_EXCLUIDO,USUARIO_CADASTRO,USUARIO_EXCLUIR) values ('200','T045-9','48','355',to_timestamp('2016/12/06 11:04:13,322227000','YYYY/MM/DD HH24:MI:SSXFF'),null,'J129-9',null);
Insert into WEBACESSO.PERMISSAO (ID,LOGIN,FK_PERFIL,FK_UNIDADE,DATA_CADASTRO,DATA_EXCLUIDO,USUARIO_CADASTRO,USUARIO_EXCLUIR) values ('201','T045-9','53','355',to_timestamp('2016/12/06 11:04:13,332426000','YYYY/MM/DD HH24:MI:SSXFF'),null,'J129-9',null);
Insert into WEBACESSO.PERMISSAO (ID,LOGIN,FK_PERFIL,FK_UNIDADE,DATA_CADASTRO,DATA_EXCLUIDO,USUARIO_CADASTRO,USUARIO_EXCLUIR) values ('202','T045-9','52','355',to_timestamp('2016/12/06 11:04:13,342140000','YYYY/MM/DD HH24:MI:SSXFF'),null,'J129-9',null);
Insert into WEBACESSO.PERMISSAO (ID,LOGIN,FK_PERFIL,FK_UNIDADE,DATA_CADASTRO,DATA_EXCLUIDO,USUARIO_CADASTRO,USUARIO_EXCLUIR) values ('203','T045-9','51','355',to_timestamp('2016/12/06 11:04:13,352458000','YYYY/MM/DD HH24:MI:SSXFF'),null,'J129-9',null);
Insert into WEBACESSO.PERMISSAO (ID,LOGIN,FK_PERFIL,FK_UNIDADE,DATA_CADASTRO,DATA_EXCLUIDO,USUARIO_CADASTRO,USUARIO_EXCLUIR) values ('204','T045-9','56','355',to_timestamp('2016/12/06 11:04:13,362260000','YYYY/MM/DD HH24:MI:SSXFF'),null,'J129-9',null);
Insert into WEBACESSO.PERMISSAO (ID,LOGIN,FK_PERFIL,FK_UNIDADE,DATA_CADASTRO,DATA_EXCLUIDO,USUARIO_CADASTRO,USUARIO_EXCLUIR) values ('206','F092-4','21','949',to_timestamp('2016/12/12 10:55:08,358000000','YYYY/MM/DD HH24:MI:SSXFF'),null,'F092-4',null);
Insert into WEBACESSO.PERMISSAO (ID,LOGIN,FK_PERFIL,FK_UNIDADE,DATA_CADASTRO,DATA_EXCLUIDO,USUARIO_CADASTRO,USUARIO_EXCLUIR) values ('207','H019-4','37',null,to_timestamp('2016/12/15 13:46:41,102000000','YYYY/MM/DD HH24:MI:SSXFF'),null,'H045-3',null);
Insert into WEBACESSO.PERMISSAO (ID,LOGIN,FK_PERFIL,FK_UNIDADE,DATA_CADASTRO,DATA_EXCLUIDO,USUARIO_CADASTRO,USUARIO_EXCLUIR) values ('113','H045-3','36',null,to_timestamp('2016/05/20 07:44:20,218000000','YYYY/MM/DD HH24:MI:SSXFF'),to_timestamp('2016/10/04 14:15:48,073000000','YYYY/MM/DD HH24:MI:SSXFF'),'H045-3','R098-9');
Insert into WEBACESSO.PERMISSAO (ID,LOGIN,FK_PERFIL,FK_UNIDADE,DATA_CADASTRO,DATA_EXCLUIDO,USUARIO_CADASTRO,USUARIO_EXCLUIR) values ('114','R098-9','39',null,to_timestamp('2016/05/20 07:44:34,941000000','YYYY/MM/DD HH24:MI:SSXFF'),to_timestamp('2016/07/28 10:01:05,031000000','YYYY/MM/DD HH24:MI:SSXFF'),'H045-3','R098-9');
Insert into WEBACESSO.PERMISSAO (ID,LOGIN,FK_PERFIL,FK_UNIDADE,DATA_CADASTRO,DATA_EXCLUIDO,USUARIO_CADASTRO,USUARIO_EXCLUIR) values ('115','A168-1','36',null,to_timestamp('2016/05/20 07:46:55,455000000','YYYY/MM/DD HH24:MI:SSXFF'),to_timestamp('2016/10/04 14:15:04,344000000','YYYY/MM/DD HH24:MI:SSXFF'),'H045-3','R098-9');
Insert into WEBACESSO.PERMISSAO (ID,LOGIN,FK_PERFIL,FK_UNIDADE,DATA_CADASTRO,DATA_EXCLUIDO,USUARIO_CADASTRO,USUARIO_EXCLUIR) values ('118','R057-1','37','953',to_timestamp('2016/07/07 10:51:48,414000000','YYYY/MM/DD HH24:MI:SSXFF'),to_timestamp('2016/07/07 10:52:27,382000000','YYYY/MM/DD HH24:MI:SSXFF'),'R057-1','R057-1');
Insert into WEBACESSO.PERMISSAO (ID,LOGIN,FK_PERFIL,FK_UNIDADE,DATA_CADASTRO,DATA_EXCLUIDO,USUARIO_CADASTRO,USUARIO_EXCLUIR) values ('119','R057-1','37','953',to_timestamp('2016/07/07 10:52:50,997000000','YYYY/MM/DD HH24:MI:SSXFF'),to_timestamp('2016/07/07 10:53:16,639000000','YYYY/MM/DD HH24:MI:SSXFF'),'R057-1','R057-1');
Insert into WEBACESSO.PERMISSAO (ID,LOGIN,FK_PERFIL,FK_UNIDADE,DATA_CADASTRO,DATA_EXCLUIDO,USUARIO_CADASTRO,USUARIO_EXCLUIR) values ('120','R057-1','41',null,to_timestamp('2016/07/07 10:53:58,605000000','YYYY/MM/DD HH24:MI:SSXFF'),to_timestamp('2016/08/03 13:41:34,403000000','YYYY/MM/DD HH24:MI:SSXFF'),'R057-1','R057-1');
Insert into WEBACESSO.PERMISSAO (ID,LOGIN,FK_PERFIL,FK_UNIDADE,DATA_CADASTRO,DATA_EXCLUIDO,USUARIO_CADASTRO,USUARIO_EXCLUIR) values ('155','J129-9','51','355',to_timestamp('2016/11/04 13:05:11,853000000','YYYY/MM/DD HH24:MI:SSXFF'),null,'J129-9',null);
Insert into WEBACESSO.PERMISSAO (ID,LOGIN,FK_PERFIL,FK_UNIDADE,DATA_CADASTRO,DATA_EXCLUIDO,USUARIO_CADASTRO,USUARIO_EXCLUIR) values ('156','J129-9','53','355',to_timestamp('2016/11/04 13:05:34,230000000','YYYY/MM/DD HH24:MI:SSXFF'),null,'J129-9',null);
Insert into WEBACESSO.PERMISSAO (ID,LOGIN,FK_PERFIL,FK_UNIDADE,DATA_CADASTRO,DATA_EXCLUIDO,USUARIO_CADASTRO,USUARIO_EXCLUIR) values ('157','J129-9','56','355',to_timestamp('2016/11/04 13:08:41,319000000','YYYY/MM/DD HH24:MI:SSXFF'),null,'J129-9',null);
Insert into WEBACESSO.PERMISSAO (ID,LOGIN,FK_PERFIL,FK_UNIDADE,DATA_CADASTRO,DATA_EXCLUIDO,USUARIO_CADASTRO,USUARIO_EXCLUIR) values ('158','R057-1','47',null,to_timestamp('2016/11/08 14:10:48,379000000','YYYY/MM/DD HH24:MI:SSXFF'),null,'R057-1',null);
Insert into WEBACESSO.PERMISSAO (ID,LOGIN,FK_PERFIL,FK_UNIDADE,DATA_CADASTRO,DATA_EXCLUIDO,USUARIO_CADASTRO,USUARIO_EXCLUIR) values ('153','H045-3','27',null,to_timestamp('2016/10/26 12:49:10,851000000','YYYY/MM/DD HH24:MI:SSXFF'),null,'H045-3',null);
Insert into WEBACESSO.PERMISSAO (ID,LOGIN,FK_PERFIL,FK_UNIDADE,DATA_CADASTRO,DATA_EXCLUIDO,USUARIO_CADASTRO,USUARIO_EXCLUIR) values ('154','J129-9','52','355',to_timestamp('2016/11/04 13:04:59,112000000','YYYY/MM/DD HH24:MI:SSXFF'),null,'J129-9',null);
Insert into WEBACESSO.PERMISSAO (ID,LOGIN,FK_PERFIL,FK_UNIDADE,DATA_CADASTRO,DATA_EXCLUIDO,USUARIO_CADASTRO,USUARIO_EXCLUIR) values ('159','R057-1','54',null,to_timestamp('2016/11/08 14:11:22,303000000','YYYY/MM/DD HH24:MI:SSXFF'),null,'R057-1',null);
Insert into WEBACESSO.PERMISSAO (ID,LOGIN,FK_PERFIL,FK_UNIDADE,DATA_CADASTRO,DATA_EXCLUIDO,USUARIO_CADASTRO,USUARIO_EXCLUIR) values ('160','R057-1','49',null,to_timestamp('2016/11/08 14:11:36,361000000','YYYY/MM/DD HH24:MI:SSXFF'),null,'R057-1',null);
Insert into WEBACESSO.PERMISSAO (ID,LOGIN,FK_PERFIL,FK_UNIDADE,DATA_CADASTRO,DATA_EXCLUIDO,USUARIO_CADASTRO,USUARIO_EXCLUIR) values ('161','R057-1','50',null,to_timestamp('2016/11/08 14:11:48,738000000','YYYY/MM/DD HH24:MI:SSXFF'),null,'R057-1',null);
Insert into WEBACESSO.PERMISSAO (ID,LOGIN,FK_PERFIL,FK_UNIDADE,DATA_CADASTRO,DATA_EXCLUIDO,USUARIO_CADASTRO,USUARIO_EXCLUIR) values ('163','R162-4','47',null,to_timestamp('2016/11/16 12:33:00,186000000','YYYY/MM/DD HH24:MI:SSXFF'),null,'R098-9',null);
Insert into WEBACESSO.PERMISSAO (ID,LOGIN,FK_PERFIL,FK_UNIDADE,DATA_CADASTRO,DATA_EXCLUIDO,USUARIO_CADASTRO,USUARIO_EXCLUIR) values ('164','R162-4','49',null,to_timestamp('2016/11/16 12:33:20,196000000','YYYY/MM/DD HH24:MI:SSXFF'),null,'R098-9',null);
Insert into WEBACESSO.PERMISSAO (ID,LOGIN,FK_PERFIL,FK_UNIDADE,DATA_CADASTRO,DATA_EXCLUIDO,USUARIO_CADASTRO,USUARIO_EXCLUIR) values ('165','R162-4','50',null,to_timestamp('2016/11/16 12:34:15,691000000','YYYY/MM/DD HH24:MI:SSXFF'),null,'R098-9',null);
Insert into WEBACESSO.PERMISSAO (ID,LOGIN,FK_PERFIL,FK_UNIDADE,DATA_CADASTRO,DATA_EXCLUIDO,USUARIO_CADASTRO,USUARIO_EXCLUIR) values ('166','R162-4','54',null,to_timestamp('2016/11/16 12:34:32,998000000','YYYY/MM/DD HH24:MI:SSXFF'),null,'R098-9',null);
Insert into WEBACESSO.PERMISSAO (ID,LOGIN,FK_PERFIL,FK_UNIDADE,DATA_CADASTRO,DATA_EXCLUIDO,USUARIO_CADASTRO,USUARIO_EXCLUIR) values ('168','VARA','50',null,to_timestamp('2016/11/28 16:45:33,994000000','YYYY/MM/DD HH24:MI:SSXFF'),null,'H045-3',null);
Insert into WEBACESSO.PERMISSAO (ID,LOGIN,FK_PERFIL,FK_UNIDADE,DATA_CADASTRO,DATA_EXCLUIDO,USUARIO_CADASTRO,USUARIO_EXCLUIR) values ('110','J105-1','21',null,to_timestamp('2016/05/02 10:05:21,092000000','YYYY/MM/DD HH24:MI:SSXFF'),null,'H045-3',null);
Insert into WEBACESSO.PERMISSAO (ID,LOGIN,FK_PERFIL,FK_UNIDADE,DATA_CADASTRO,DATA_EXCLUIDO,USUARIO_CADASTRO,USUARIO_EXCLUIR) values ('111','J129-9','21',null,to_timestamp('2016/05/02 10:05:31,188000000','YYYY/MM/DD HH24:MI:SSXFF'),null,'H045-3',null);
Insert into WEBACESSO.PERMISSAO (ID,LOGIN,FK_PERFIL,FK_UNIDADE,DATA_CADASTRO,DATA_EXCLUIDO,USUARIO_CADASTRO,USUARIO_EXCLUIR) values ('112','E093-7','31','604',to_timestamp('2016/05/09 07:16:00,210000000','YYYY/MM/DD HH24:MI:SSXFF'),null,'H045-3',null);
Insert into WEBACESSO.PERMISSAO (ID,LOGIN,FK_PERFIL,FK_UNIDADE,DATA_CADASTRO,DATA_EXCLUIDO,USUARIO_CADASTRO,USUARIO_EXCLUIR) values ('116','E128-3','31','814',to_timestamp('2016/06/21 14:23:02,851000000','YYYY/MM/DD HH24:MI:SSXFF'),null,'H045-3',null);
Insert into WEBACESSO.PERMISSAO (ID,LOGIN,FK_PERFIL,FK_UNIDADE,DATA_CADASTRO,DATA_EXCLUIDO,USUARIO_CADASTRO,USUARIO_EXCLUIR) values ('117','F092-4','31','949',to_timestamp('2016/06/23 09:41:45,123000000','YYYY/MM/DD HH24:MI:SSXFF'),null,'F092-4',null);
Insert into WEBACESSO.PERMISSAO (ID,LOGIN,FK_PERFIL,FK_UNIDADE,DATA_CADASTRO,DATA_EXCLUIDO,USUARIO_CADASTRO,USUARIO_EXCLUIR) values ('125','VARA','40',null,to_timestamp('2016/07/28 09:40:57,647000000','YYYY/MM/DD HH24:MI:SSXFF'),to_timestamp('2016/10/04 14:16:00,499000000','YYYY/MM/DD HH24:MI:SSXFF'),'R098-9','R098-9');
Insert into WEBACESSO.PERMISSAO (ID,LOGIN,FK_PERFIL,FK_UNIDADE,DATA_CADASTRO,DATA_EXCLUIDO,USUARIO_CADASTRO,USUARIO_EXCLUIR) values ('126','GABINETE','40',null,to_timestamp('2016/07/28 09:41:16,490000000','YYYY/MM/DD HH24:MI:SSXFF'),to_timestamp('2016/10/04 14:15:38,657000000','YYYY/MM/DD HH24:MI:SSXFF'),'R098-9','R098-9');
Insert into WEBACESSO.PERMISSAO (ID,LOGIN,FK_PERFIL,FK_UNIDADE,DATA_CADASTRO,DATA_EXCLUIDO,USUARIO_CADASTRO,USUARIO_EXCLUIR) values ('127','R098-9','39',null,to_timestamp('2016/07/28 10:01:42,948000000','YYYY/MM/DD HH24:MI:SSXFF'),to_timestamp('2016/10/04 14:15:56,045000000','YYYY/MM/DD HH24:MI:SSXFF'),'R098-9','R098-9');
Insert into WEBACESSO.PERMISSAO (ID,LOGIN,FK_PERFIL,FK_UNIDADE,DATA_CADASTRO,DATA_EXCLUIDO,USUARIO_CADASTRO,USUARIO_EXCLUIR) values ('128','M242-9','40',null,to_timestamp('2016/07/28 10:02:16,739000000','YYYY/MM/DD HH24:MI:SSXFF'),to_timestamp('2016/10/04 14:15:52,415000000','YYYY/MM/DD HH24:MI:SSXFF'),'R098-9','R098-9');
Insert into WEBACESSO.PERMISSAO (ID,LOGIN,FK_PERFIL,FK_UNIDADE,DATA_CADASTRO,DATA_EXCLUIDO,USUARIO_CADASTRO,USUARIO_EXCLUIR) values ('136','H045-3','43',null,to_timestamp('2016/08/31 08:28:53,390000000','YYYY/MM/DD HH24:MI:SSXFF'),null,'H045-3',null);
Insert into WEBACESSO.PERMISSAO (ID,LOGIN,FK_PERFIL,FK_UNIDADE,DATA_CADASTRO,DATA_EXCLUIDO,USUARIO_CADASTRO,USUARIO_EXCLUIR) values ('137','H045-3','44',null,to_timestamp('2016/09/15 11:06:26,066000000','YYYY/MM/DD HH24:MI:SSXFF'),null,'H045-3',null);
Insert into WEBACESSO.PERMISSAO (ID,LOGIN,FK_PERFIL,FK_UNIDADE,DATA_CADASTRO,DATA_EXCLUIDO,USUARIO_CADASTRO,USUARIO_EXCLUIR) values ('139','H045-3','46',null,to_timestamp('2016/09/26 13:10:22,232000000','YYYY/MM/DD HH24:MI:SSXFF'),null,'H045-3',null);
Insert into WEBACESSO.PERMISSAO (ID,LOGIN,FK_PERFIL,FK_UNIDADE,DATA_CADASTRO,DATA_EXCLUIDO,USUARIO_CADASTRO,USUARIO_EXCLUIR) values ('140','R098-9','47',null,to_timestamp('2016/10/04 14:35:43,030000000','YYYY/MM/DD HH24:MI:SSXFF'),null,'R098-9',null);
Insert into WEBACESSO.PERMISSAO (ID,LOGIN,FK_PERFIL,FK_UNIDADE,DATA_CADASTRO,DATA_EXCLUIDO,USUARIO_CADASTRO,USUARIO_EXCLUIR) values ('151','J037-3','50',null,to_timestamp('2016/10/25 10:45:53,510000000','YYYY/MM/DD HH24:MI:SSXFF'),to_timestamp('2016/11/29 12:10:46,090000000','YYYY/MM/DD HH24:MI:SSXFF'),'R098-9','R098-9');
Insert into WEBACESSO.PERMISSAO (ID,LOGIN,FK_PERFIL,FK_UNIDADE,DATA_CADASTRO,DATA_EXCLUIDO,USUARIO_CADASTRO,USUARIO_EXCLUIR) values ('162','F092-4','49','355',to_timestamp('2016/11/09 09:32:32,680000000','YYYY/MM/DD HH24:MI:SSXFF'),null,'F092-4',null);
Insert into WEBACESSO.PERMISSAO (ID,LOGIN,FK_PERFIL,FK_UNIDADE,DATA_CADASTRO,DATA_EXCLUIDO,USUARIO_CADASTRO,USUARIO_EXCLUIR) values ('167','D054-1','49',null,to_timestamp('2016/11/28 14:06:08,875000000','YYYY/MM/DD HH24:MI:SSXFF'),null,'R098-9',null);
Insert into WEBACESSO.PERMISSAO (ID,LOGIN,FK_PERFIL,FK_UNIDADE,DATA_CADASTRO,DATA_EXCLUIDO,USUARIO_CADASTRO,USUARIO_EXCLUIR) values ('169','H045-3','48',null,to_timestamp('2016/12/01 15:50:32,755000000','YYYY/MM/DD HH24:MI:SSXFF'),null,'H045-3',null);
Insert into WEBACESSO.PERMISSAO (ID,LOGIN,FK_PERFIL,FK_UNIDADE,DATA_CADASTRO,DATA_EXCLUIDO,USUARIO_CADASTRO,USUARIO_EXCLUIR) values ('171','A199-1','51','355',to_timestamp('2016/12/02 09:14:26,306000000','YYYY/MM/DD HH24:MI:SSXFF'),null,'J129-9',null);
Insert into WEBACESSO.PERMISSAO (ID,LOGIN,FK_PERFIL,FK_UNIDADE,DATA_CADASTRO,DATA_EXCLUIDO,USUARIO_CADASTRO,USUARIO_EXCLUIR) values ('172','F011-8','51','355',to_timestamp('2016/12/02 09:14:58,432000000','YYYY/MM/DD HH24:MI:SSXFF'),null,'J129-9',null);
Insert into WEBACESSO.PERMISSAO (ID,LOGIN,FK_PERFIL,FK_UNIDADE,DATA_CADASTRO,DATA_EXCLUIDO,USUARIO_CADASTRO,USUARIO_EXCLUIR) values ('173','J059-4','48','355',to_timestamp('2016/12/02 09:15:29,814000000','YYYY/MM/DD HH24:MI:SSXFF'),null,'J129-9',null);
Insert into WEBACESSO.PERMISSAO (ID,LOGIN,FK_PERFIL,FK_UNIDADE,DATA_CADASTRO,DATA_EXCLUIDO,USUARIO_CADASTRO,USUARIO_EXCLUIR) values ('174','R081-4','53','355',to_timestamp('2016/12/02 09:15:46,090000000','YYYY/MM/DD HH24:MI:SSXFF'),null,'J129-9',null);
Insert into WEBACESSO.PERMISSAO (ID,LOGIN,FK_PERFIL,FK_UNIDADE,DATA_CADASTRO,DATA_EXCLUIDO,USUARIO_CADASTRO,USUARIO_EXCLUIR) values ('205','H045-3','57',null,to_timestamp('2016/12/06 10:16:25,990000000','YYYY/MM/DD HH24:MI:SSXFF'),null,'H045-3',null);
REM INSERTING into WEBACESSO.RECURSO
SET DEFINE OFF;
Insert into WEBACESSO.RECURSO (ID,FK_FUNCIONALIDADE,DESCRICAO) values ('70','7','AUTORIZAR_REGISTRO_HE');
Insert into WEBACESSO.RECURSO (ID,FK_FUNCIONALIDADE,DESCRICAO) values ('19','7','AUTORIZAR_SUBORDINADOS');
Insert into WEBACESSO.RECURSO (ID,FK_FUNCIONALIDADE,DESCRICAO) values ('20','7','AUTORIZAR_TODOS');
Insert into WEBACESSO.RECURSO (ID,FK_FUNCIONALIDADE,DESCRICAO) values ('82','7','AUTORIZAR_USUARIO_LOGADO');
Insert into WEBACESSO.RECURSO (ID,FK_FUNCIONALIDADE,DESCRICAO) values ('22','7','BOTAO_ESTORNAR');
Insert into WEBACESSO.RECURSO (ID,FK_FUNCIONALIDADE,DESCRICAO) values ('21','7','BOTAO_FECHAR');
Insert into WEBACESSO.RECURSO (ID,FK_FUNCIONALIDADE,DESCRICAO) values ('17','7','PESQUISAR_SUBORDINADOS');
Insert into WEBACESSO.RECURSO (ID,FK_FUNCIONALIDADE,DESCRICAO) values ('16','7','PESQUISAR_TODOS');
Insert into WEBACESSO.RECURSO (ID,FK_FUNCIONALIDADE,DESCRICAO) values ('109','13','EXCLUIR_ANDAMENTO');
Insert into WEBACESSO.RECURSO (ID,FK_FUNCIONALIDADE,DESCRICAO) values ('40','13','FILTRAR_SOLICITANTE_MAGISTRADO');
Insert into WEBACESSO.RECURSO (ID,FK_FUNCIONALIDADE,DESCRICAO) values ('43','13','INFORMAR_ERRO_ARQUIVADO');
Insert into WEBACESSO.RECURSO (ID,FK_FUNCIONALIDADE,DESCRICAO) values ('107','13','NAO_VALIDAR_PROCESSO_ATIVO_CCALC');
Insert into WEBACESSO.RECURSO (ID,FK_FUNCIONALIDADE,DESCRICAO) values ('30','13','PESQUISAR_UNIDADES');
Insert into WEBACESSO.RECURSO (ID,FK_FUNCIONALIDADE,DESCRICAO) values ('38','13','RESPONDER_DIRETRIZES');
Insert into WEBACESSO.RECURSO (ID,FK_FUNCIONALIDADE,DESCRICAO) values ('110','15','EXCLUIR_ANDAMENTO');
Insert into WEBACESSO.RECURSO (ID,FK_FUNCIONALIDADE,DESCRICAO) values ('111','18','EXCLUIR_ANDAMENTO');
Insert into WEBACESSO.RECURSO (ID,FK_FUNCIONALIDADE,DESCRICAO) values ('33','18','FINALIZAR');
Insert into WEBACESSO.RECURSO (ID,FK_FUNCIONALIDADE,DESCRICAO) values ('35','18','SOLICITAR_DIRETRIZES');
Insert into WEBACESSO.RECURSO (ID,FK_FUNCIONALIDADE,DESCRICAO) values ('73','19','PESQUISAR_TODOS');
Insert into WEBACESSO.RECURSO (ID,FK_FUNCIONALIDADE,DESCRICAO) values ('41','20','AUTORIZAR_PRORROGAR');
Insert into WEBACESSO.RECURSO (ID,FK_FUNCIONALIDADE,DESCRICAO) values ('25','20','INFORMAR_PAGAMENTO');
Insert into WEBACESSO.RECURSO (ID,FK_FUNCIONALIDADE,DESCRICAO) values ('23','20','PESQUISAR_SUBORDINADOS');
Insert into WEBACESSO.RECURSO (ID,FK_FUNCIONALIDADE,DESCRICAO) values ('24','20','PESQUISAR_TODOS');
Insert into WEBACESSO.RECURSO (ID,FK_FUNCIONALIDADE,DESCRICAO) values ('112','27','ALTERAR_FOLGA_DEFERIDA');
Insert into WEBACESSO.RECURSO (ID,FK_FUNCIONALIDADE,DESCRICAO) values ('86','27','AUTORIZAR_MAGISTRADO');
Insert into WEBACESSO.RECURSO (ID,FK_FUNCIONALIDADE,DESCRICAO) values ('83','27','AUTORIZAR_SERVIDOR');
Insert into WEBACESSO.RECURSO (ID,FK_FUNCIONALIDADE,DESCRICAO) values ('28','27','AUTORIZAR_SUBORDINADOS');
Insert into WEBACESSO.RECURSO (ID,FK_FUNCIONALIDADE,DESCRICAO) values ('29','27','AUTORIZAR_TODOS');
Insert into WEBACESSO.RECURSO (ID,FK_FUNCIONALIDADE,DESCRICAO) values ('108','27','NAO_VALIDAR_DATA_FOLGA_ANTERIOR_ATUAL');
Insert into WEBACESSO.RECURSO (ID,FK_FUNCIONALIDADE,DESCRICAO) values ('84','27','PESQUISAR_MAGISTRADO');
Insert into WEBACESSO.RECURSO (ID,FK_FUNCIONALIDADE,DESCRICAO) values ('85','27','PESQUISAR_SERVIDOR');
Insert into WEBACESSO.RECURSO (ID,FK_FUNCIONALIDADE,DESCRICAO) values ('27','27','PESQUISAR_SUBORDINADOS');
Insert into WEBACESSO.RECURSO (ID,FK_FUNCIONALIDADE,DESCRICAO) values ('26','27','PESQUISAR_TODOS');
Insert into WEBACESSO.RECURSO (ID,FK_FUNCIONALIDADE,DESCRICAO) values ('45','33','PESQUISAR_SUBORDINADOS');
Insert into WEBACESSO.RECURSO (ID,FK_FUNCIONALIDADE,DESCRICAO) values ('44','33','PESQUISAR_TODOS');
Insert into WEBACESSO.RECURSO (ID,FK_FUNCIONALIDADE,DESCRICAO) values ('46','33','PESQUISAR_UNIDADES');
Insert into WEBACESSO.RECURSO (ID,FK_FUNCIONALIDADE,DESCRICAO) values ('53','39','PESQUISAR_CALCULISTA');
Insert into WEBACESSO.RECURSO (ID,FK_FUNCIONALIDADE,DESCRICAO) values ('51','40','RELATORIOPRODUTIVIDADE');
Insert into WEBACESSO.RECURSO (ID,FK_FUNCIONALIDADE,DESCRICAO) values ('54','41','PESQUISAR_CALCULISTA');
Insert into WEBACESSO.RECURSO (ID,FK_FUNCIONALIDADE,DESCRICAO) values ('69','53','VISUALIZAR_COMPLEMENTO');
Insert into WEBACESSO.RECURSO (ID,FK_FUNCIONALIDADE,DESCRICAO) values ('68','53','VISUALIZAR_DADOS_PESSOAIS');
Insert into WEBACESSO.RECURSO (ID,FK_FUNCIONALIDADE,DESCRICAO) values ('61','54','CADASTRO_DE_DADOS');
Insert into WEBACESSO.RECURSO (ID,FK_FUNCIONALIDADE,DESCRICAO) values ('65','54','VISUALIZAR_COMPLEMENTO');
Insert into WEBACESSO.RECURSO (ID,FK_FUNCIONALIDADE,DESCRICAO) values ('64','54','VISUALIZAR_DADOS_PESSOAIS');
Insert into WEBACESSO.RECURSO (ID,FK_FUNCIONALIDADE,DESCRICAO) values ('67','56','VISUALIZAR_COMPLEMENTO');
Insert into WEBACESSO.RECURSO (ID,FK_FUNCIONALIDADE,DESCRICAO) values ('66','56','VISUALIZAR_DADOS_PESSOAIS');
Insert into WEBACESSO.RECURSO (ID,FK_FUNCIONALIDADE,DESCRICAO) values ('89','61','CADASTRAR_MAGISTRADO');
Insert into WEBACESSO.RECURSO (ID,FK_FUNCIONALIDADE,DESCRICAO) values ('88','61','CADASTRAR_SERVIDOR');
Insert into WEBACESSO.RECURSO (ID,FK_FUNCIONALIDADE,DESCRICAO) values ('87','61','CADASTRAR_TODOS');
Insert into WEBACESSO.RECURSO (ID,FK_FUNCIONALIDADE,DESCRICAO) values ('90','62','LISTAPESQUISAS');
Insert into WEBACESSO.RECURSO (ID,FK_FUNCIONALIDADE,DESCRICAO) values ('101','63','ACOES_CORREGEDORIA');
Insert into WEBACESSO.RECURSO (ID,FK_FUNCIONALIDADE,DESCRICAO) values ('99','63','ACOES_GESTOR');
Insert into WEBACESSO.RECURSO (ID,FK_FUNCIONALIDADE,DESCRICAO) values ('100','63','ACOES_VARA');
Insert into WEBACESSO.RECURSO (ID,FK_FUNCIONALIDADE,DESCRICAO) values ('92','63','LISTAR_PESQUISAS');
Insert into WEBACESSO.RECURSO (ID,FK_FUNCIONALIDADE,DESCRICAO) values ('98','63','LISTAR_PESQUISAS_REJEITADAS');
Insert into WEBACESSO.RECURSO (ID,FK_FUNCIONALIDADE,DESCRICAO) values ('91','63','LISTAR_SOLICITACOES');
Insert into WEBACESSO.RECURSO (ID,FK_FUNCIONALIDADE,DESCRICAO) values ('102','64','ACOES_CORREGEDORIA');
Insert into WEBACESSO.RECURSO (ID,FK_FUNCIONALIDADE,DESCRICAO) values ('103','64','ACOES_GESTOR');
Insert into WEBACESSO.RECURSO (ID,FK_FUNCIONALIDADE,DESCRICAO) values ('104','64','ACOES_VARA');
Insert into WEBACESSO.RECURSO (ID,FK_FUNCIONALIDADE,DESCRICAO) values ('97','70','LISTAR_PESQUISAS_REJEITADAS');
Insert into WEBACESSO.RECURSO (ID,FK_FUNCIONALIDADE,DESCRICAO) values ('106','71','PESQUISAR_SUBORDINADOS');
Insert into WEBACESSO.RECURSO (ID,FK_FUNCIONALIDADE,DESCRICAO) values ('105','71','PESQUISAR_TODOS');
REM INSERTING into WEBACESSO.SISTEMA
SET DEFINE OFF;
Insert into WEBACESSO.SISTEMA (ID,DESCRICAO,SIGLA,URL,DATA_CADASTRO,DATA_EXCLUIDO,USUARIO_CADASTRO,USUARIO_EXCLUIR) values ('1','WEB ACESSO','WEBACESSO','/webacesso-web',to_timestamp('2015/10/05 13:11:19,041000000','YYYY/MM/DD HH24:MI:SSXFF'),null,'H045-3',null);
Insert into WEBACESSO.SISTEMA (ID,DESCRICAO,SIGLA,URL,DATA_CADASTRO,DATA_EXCLUIDO,USUARIO_CADASTRO,USUARIO_EXCLUIR) values ('2','FREQUÊNCIA','FREQ','/frequencia-web',to_timestamp('2015/10/06 13:07:11,728000000','YYYY/MM/DD HH24:MI:SSXFF'),null,'H045-3',null);
Insert into WEBACESSO.SISTEMA (ID,DESCRICAO,SIGLA,URL,DATA_CADASTRO,DATA_EXCLUIDO,USUARIO_CADASTRO,USUARIO_EXCLUIR) values ('3','SISTEMA DE CONTROLE DE CALCULOS','CCALC','/ccalc-web',to_timestamp('2016/01/27 09:07:20,412000000','YYYY/MM/DD HH24:MI:SSXFF'),null,'J129-9',null);
Insert into WEBACESSO.SISTEMA (ID,DESCRICAO,SIGLA,URL,DATA_CADASTRO,DATA_EXCLUIDO,USUARIO_CADASTRO,USUARIO_EXCLUIR) values ('4','SISTEMA DE PESQUISA PATRIMONIAL','SPP','/pesquisapatrimonial-web',to_timestamp('2016/05/20 07:41:55,011000000','YYYY/MM/DD HH24:MI:SSXFF'),null,'H045-3',null);
Insert into WEBACESSO.SISTEMA (ID,DESCRICAO,SIGLA,URL,DATA_CADASTRO,DATA_EXCLUIDO,USUARIO_CADASTRO,USUARIO_EXCLUIR) values ('5','SISTEMA DE CONTROLE DE CERTIFICADO DIGITAL','SCCD','/certificadodigital-web',to_timestamp('2016/05/20 07:42:48,315000000','YYYY/MM/DD HH24:MI:SSXFF'),null,'H045-3',null);
Insert into WEBACESSO.SISTEMA (ID,DESCRICAO,SIGLA,URL,DATA_CADASTRO,DATA_EXCLUIDO,USUARIO_CADASTRO,USUARIO_EXCLUIR) values ('6','BANCO DE TALENTOS','BT','/bancodetalentos-web',to_timestamp('2016/07/07 10:43:49,167000000','YYYY/MM/DD HH24:MI:SSXFF'),null,'R057-1',null);
Insert into WEBACESSO.SISTEMA (ID,DESCRICAO,SIGLA,URL,DATA_CADASTRO,DATA_EXCLUIDO,USUARIO_CADASTRO,USUARIO_EXCLUIR) values ('8','CONTA VINCULADA','SCV','/contavinculada',to_timestamp('2016/09/20 12:02:19,345000000','YYYY/MM/DD HH24:MI:SSXFF'),null,'J129-9',null);
Insert into WEBACESSO.SISTEMA (ID,DESCRICAO,SIGLA,URL,DATA_CADASTRO,DATA_EXCLUIDO,USUARIO_CADASTRO,USUARIO_EXCLUIR) values ('10','CONTA VINCULADA V2','CV2','/contavinculadav2',to_timestamp('2016/12/16 09:37:17,276000000','YYYY/MM/DD HH24:MI:SSXFF'),null,'J129-9',null);
Insert into WEBACESSO.SISTEMA (ID,DESCRICAO,SIGLA,URL,DATA_CADASTRO,DATA_EXCLUIDO,USUARIO_CADASTRO,USUARIO_EXCLUIR) values ('9','SGRH WEB','SGRHWEB','/sgrhweb',to_timestamp('2016/12/06 10:15:04,858000000','YYYY/MM/DD HH24:MI:SSXFF'),null,'H045-3',null);
REM INSERTING into WEBACESSO.TIPO_USUARIO
SET DEFINE OFF;
Insert into WEBACESSO.TIPO_USUARIO (ID,DESCRICAO) values ('1','MAGISTRADO');
Insert into WEBACESSO.TIPO_USUARIO (ID,DESCRICAO) values ('2','SERVIDOR');
Insert into WEBACESSO.TIPO_USUARIO (ID,DESCRICAO) values ('3','COLABORADOR');
Insert into WEBACESSO.TIPO_USUARIO (ID,DESCRICAO) values ('4','ESTAGIÁRIO');
REM INSERTING into WEBACESSO.UNIDADE_SEM_GESTOR
SET DEFINE OFF;
Insert into WEBACESSO.UNIDADE_SEM_GESTOR (ID,FK_UNIDADE,LOGIN,DATA_CADASTRO,DATA_EXCLUIDO,USUARIO_CADASTRO,USUARIO_EXCLUIR) values ('7','482','C072-3',to_timestamp('2016/02/24 10:27:21,158000000','YYYY/MM/DD HH24:MI:SSXFF'),null,'H045-3',null);
Insert into WEBACESSO.UNIDADE_SEM_GESTOR (ID,FK_UNIDADE,LOGIN,DATA_CADASTRO,DATA_EXCLUIDO,USUARIO_CADASTRO,USUARIO_EXCLUIR) values ('6','985','C039-1',to_timestamp('2016/02/24 10:26:36,017000000','YYYY/MM/DD HH24:MI:SSXFF'),null,'H045-3',null);
Insert into WEBACESSO.UNIDADE_SEM_GESTOR (ID,FK_UNIDADE,LOGIN,DATA_CADASTRO,DATA_EXCLUIDO,USUARIO_CADASTRO,USUARIO_EXCLUIR) values ('5','979','C078-2',to_timestamp('2016/02/23 07:57:26,183000000','YYYY/MM/DD HH24:MI:SSXFF'),null,'H045-3',null);
Insert into WEBACESSO.UNIDADE_SEM_GESTOR (ID,FK_UNIDADE,LOGIN,DATA_CADASTRO,DATA_EXCLUIDO,USUARIO_CADASTRO,USUARIO_EXCLUIR) values ('9','483','J165-5',to_timestamp('2016/02/24 10:28:49,199000000','YYYY/MM/DD HH24:MI:SSXFF'),null,'H045-3',null);
Insert into WEBACESSO.UNIDADE_SEM_GESTOR (ID,FK_UNIDADE,LOGIN,DATA_CADASTRO,DATA_EXCLUIDO,USUARIO_CADASTRO,USUARIO_EXCLUIR) values ('13','481','L069-2',to_timestamp('2016/02/24 10:30:13,821000000','YYYY/MM/DD HH24:MI:SSXFF'),null,'H045-3',null);
Insert into WEBACESSO.UNIDADE_SEM_GESTOR (ID,FK_UNIDADE,LOGIN,DATA_CADASTRO,DATA_EXCLUIDO,USUARIO_CADASTRO,USUARIO_EXCLUIR) values ('11','604','M007-8',to_timestamp('2016/02/24 10:29:42,760000000','YYYY/MM/DD HH24:MI:SSXFF'),null,'H045-3',null);
Insert into WEBACESSO.UNIDADE_SEM_GESTOR (ID,FK_UNIDADE,LOGIN,DATA_CADASTRO,DATA_EXCLUIDO,USUARIO_CADASTRO,USUARIO_EXCLUIR) values ('8','814','M026-4',to_timestamp('2016/02/24 10:28:23,284000000','YYYY/MM/DD HH24:MI:SSXFF'),null,'H045-3',null);
Insert into WEBACESSO.UNIDADE_SEM_GESTOR (ID,FK_UNIDADE,LOGIN,DATA_CADASTRO,DATA_EXCLUIDO,USUARIO_CADASTRO,USUARIO_EXCLUIR) values ('12','479','M217-8',to_timestamp('2016/02/24 10:30:03,990000000','YYYY/MM/DD HH24:MI:SSXFF'),null,'H045-3',null);
Insert into WEBACESSO.UNIDADE_SEM_GESTOR (ID,FK_UNIDADE,LOGIN,DATA_CADASTRO,DATA_EXCLUIDO,USUARIO_CADASTRO,USUARIO_EXCLUIR) values ('1','975','M283-6',to_timestamp('2016/02/23 07:54:22,348000000','YYYY/MM/DD HH24:MI:SSXFF'),null,'H045-3',null);
Insert into WEBACESSO.UNIDADE_SEM_GESTOR (ID,FK_UNIDADE,LOGIN,DATA_CADASTRO,DATA_EXCLUIDO,USUARIO_CADASTRO,USUARIO_EXCLUIR) values ('4','978','O017-6',to_timestamp('2016/02/23 07:57:21,787000000','YYYY/MM/DD HH24:MI:SSXFF'),null,'H045-3',null);
Insert into WEBACESSO.UNIDADE_SEM_GESTOR (ID,FK_UNIDADE,LOGIN,DATA_CADASTRO,DATA_EXCLUIDO,USUARIO_CADASTRO,USUARIO_EXCLUIR) values ('3','977','R095-4',to_timestamp('2016/02/23 07:57:17,103000000','YYYY/MM/DD HH24:MI:SSXFF'),null,'H045-3',null);
Insert into WEBACESSO.UNIDADE_SEM_GESTOR (ID,FK_UNIDADE,LOGIN,DATA_CADASTRO,DATA_EXCLUIDO,USUARIO_CADASTRO,USUARIO_EXCLUIR) values ('10','546','S018-6',to_timestamp('2016/02/24 10:29:25,517000000','YYYY/MM/DD HH24:MI:SSXFF'),null,'H045-3',null);
Insert into WEBACESSO.UNIDADE_SEM_GESTOR (ID,FK_UNIDADE,LOGIN,DATA_CADASTRO,DATA_EXCLUIDO,USUARIO_CADASTRO,USUARIO_EXCLUIR) values ('2','976','T016-5',to_timestamp('2016/02/23 07:57:11,829000000','YYYY/MM/DD HH24:MI:SSXFF'),null,'H045-3',null);
Insert into WEBACESSO.UNIDADE_SEM_GESTOR (ID,FK_UNIDADE,LOGIN,DATA_CADASTRO,DATA_EXCLUIDO,USUARIO_CADASTRO,USUARIO_EXCLUIR) values ('15','972','F092-4',to_timestamp('2016/10/10 13:37:32,378000000','YYYY/MM/DD HH24:MI:SSXFF'),to_timestamp('2016/10/10 13:45:55,368000000','YYYY/MM/DD HH24:MI:SSXFF'),'F092-4','F092-4');
Insert into WEBACESSO.UNIDADE_SEM_GESTOR (ID,FK_UNIDADE,LOGIN,DATA_CADASTRO,DATA_EXCLUIDO,USUARIO_CADASTRO,USUARIO_EXCLUIR) values ('14','913','U004-7',to_timestamp('2016/05/10 13:56:48,888000000','YYYY/MM/DD HH24:MI:SSXFF'),null,'H045-3',null);
REM INSERTING into WEBACESSO.USUARIO_EXTERNO
SET DEFINE OFF;
Insert into WEBACESSO.USUARIO_EXTERNO (ID,FK_TIPO_USUARIO,LOGIN,NOME,CPF,EMAIL,MATRICULA,DATA_NASCIMENTO,DATA_CADASTRO,DATA_EXCLUIDO,USUARIO_CADASTRO,USUARIO_EXCLUIR) values ('7','3','operadordb','Operador DB','33333333333','operadordb@trt23.jus.br',null,to_date('2015/10/01','YYYY/MM/DD'),to_timestamp('2015/10/05 09:35:43,588000000','YYYY/MM/DD HH24:MI:SSXFF'),null,'H045-3',null);
REM INSERTING into WEBACESSO.USUARIO_SISTEMA
SET DEFINE OFF;
Insert into WEBACESSO.USUARIO_SISTEMA (ID,DESCRICAO) values ('1','PUBLICO');
Insert into WEBACESSO.USUARIO_SISTEMA (ID,DESCRICAO) values ('2','CHEFIA');
Insert into WEBACESSO.USUARIO_SISTEMA (ID,DESCRICAO) values ('6','VARA');
Insert into WEBACESSO.USUARIO_SISTEMA (ID,DESCRICAO) values ('7','GABINETE');
Insert into WEBACESSO.USUARIO_SISTEMA (ID,DESCRICAO) values ('8','GESTOR');
Insert into WEBACESSO.USUARIO_SISTEMA (ID,DESCRICAO) values ('3','JUIZ_SUBSTITUTO');
Insert into WEBACESSO.USUARIO_SISTEMA (ID,DESCRICAO) values ('4','JUIZ_TITULAR');
Insert into WEBACESSO.USUARIO_SISTEMA (ID,DESCRICAO) values ('5','DESEMBARGADOR');
Insert into WEBACESSO.USUARIO_SISTEMA (ID,DESCRICAO) values ('9','SERVIDOR');
