SET DEFINE OFF;
Insert into FUNCIONALIDADE (ID,FK_SISTEMA,FK_FUNCIONALIDADE_PAI,DESCRICAO,DATA_CADASTRO,DATA_EXCLUIDO,USUARIO_CADASTRO,USUARIO_EXCLUIR,AGRUPA_MENU) values ('66','8',null,'FISCAL ADMINISTRATIVO',to_timestamp('2016/10/10 14:01:48,426000000','YYYY/MM/DD HH24:MI:SSXFF'),null,'J129-9',null,null);
Insert into FUNCIONALIDADE (ID,FK_SISTEMA,FK_FUNCIONALIDADE_PAI,DESCRICAO,DATA_CADASTRO,DATA_EXCLUIDO,USUARIO_CADASTRO,USUARIO_EXCLUIR,AGRUPA_MENU) values ('67','8',null,'FISCAL TÉCNICO',to_timestamp('2016/10/10 14:02:20,000000000','YYYY/MM/DD HH24:MI:SSXFF'),null,'J129-9',null,null);
Insert into FUNCIONALIDADE (ID,FK_SISTEMA,FK_FUNCIONALIDADE_PAI,DESCRICAO,DATA_CADASTRO,DATA_EXCLUIDO,USUARIO_CADASTRO,USUARIO_EXCLUIR,AGRUPA_MENU) values ('68','8',null,'TABELAS BÁSICAS',to_timestamp('2016/10/10 14:03:00,935000000','YYYY/MM/DD HH24:MI:SSXFF'),null,'J129-9',null,null);
Insert into FUNCIONALIDADE (ID,FK_SISTEMA,FK_FUNCIONALIDADE_PAI,DESCRICAO,DATA_CADASTRO,DATA_EXCLUIDO,USUARIO_CADASTRO,USUARIO_EXCLUIR,AGRUPA_MENU) values ('72','8',null,'CONTA VINCULADA',to_timestamp('2016/10/14 08:36:05,580000000','YYYY/MM/DD HH24:MI:SSXFF'),null,'J129-9',null,null);
Insert into FUNCIONALIDADE (ID,FK_SISTEMA,FK_FUNCIONALIDADE_PAI,DESCRICAO,DATA_CADASTRO,DATA_EXCLUIDO,USUARIO_CADASTRO,USUARIO_EXCLUIR,AGRUPA_MENU) values ('73','8',null,'ORÇAMENTO E FINANÇAS',to_timestamp('2016/11/04 13:07:21,249000000','YYYY/MM/DD HH24:MI:SSXFF'),null,'J129-9',null,null);

Insert into PERFIL (ID,FK_SISTEMA,DESCRICAO,SIGLA,DATA_CADASTRO,DATA_EXCLUIDO,USUARIO_CADASTRO,USUARIO_EXCLUIR) values ('48','8','ADMINISTRADOR','ADM',to_timestamp('2016/10/06 10:58:36,835000000','YYYY/MM/DD HH24:MI:SSXFF'),null,'J129-9',null);
Insert into PERFIL (ID,FK_SISTEMA,DESCRICAO,SIGLA,DATA_CADASTRO,DATA_EXCLUIDO,USUARIO_CADASTRO,USUARIO_EXCLUIR) values ('56','8','ORÇAMENTO E FINANÇAS','OF',to_timestamp('2016/11/04 13:08:17,894000000','YYYY/MM/DD HH24:MI:SSXFF'),null,'J129-9',null);
Insert into PERFIL (ID,FK_SISTEMA,DESCRICAO,SIGLA,DATA_CADASTRO,DATA_EXCLUIDO,USUARIO_CADASTRO,USUARIO_EXCLUIR) values ('51','8','FISCAL TÉCNICO','FTEC',to_timestamp('2016/10/17 11:22:09,178000000','YYYY/MM/DD HH24:MI:SSXFF'),null,'J129-9',null);
Insert into PERFIL (ID,FK_SISTEMA,DESCRICAO,SIGLA,DATA_CADASTRO,DATA_EXCLUIDO,USUARIO_CADASTRO,USUARIO_EXCLUIR) values ('52','8','FISCAL ADMINISTRATIVO','FADM',to_timestamp('2016/10/17 11:22:29,066000000','YYYY/MM/DD HH24:MI:SSXFF'),null,'J129-9',null);
Insert into PERFIL (ID,FK_SISTEMA,DESCRICAO,SIGLA,DATA_CADASTRO,DATA_EXCLUIDO,USUARIO_CADASTRO,USUARIO_EXCLUIR) values ('53','8','COORDENADORIA DE CONTRATOS E CONVÊNIOS','CCC',to_timestamp('2016/10/17 11:23:53,373000000','YYYY/MM/DD HH24:MI:SSXFF'),null,'J129-9',null);

Insert into PERFIL_FUNCIONALIDADE (FK_PERFIL,FK_FUNCIONALIDADE) values ('48','73');
Insert into PERFIL_FUNCIONALIDADE (FK_PERFIL,FK_FUNCIONALIDADE) values ('48','72');
Insert into PERFIL_FUNCIONALIDADE (FK_PERFIL,FK_FUNCIONALIDADE) values ('48','68');
Insert into PERFIL_FUNCIONALIDADE (FK_PERFIL,FK_FUNCIONALIDADE) values ('48','67');
Insert into PERFIL_FUNCIONALIDADE (FK_PERFIL,FK_FUNCIONALIDADE) values ('48','66');
Insert into PERFIL_FUNCIONALIDADE (FK_PERFIL,FK_FUNCIONALIDADE) values ('56','67');
Insert into PERFIL_FUNCIONALIDADE (FK_PERFIL,FK_FUNCIONALIDADE) values ('51','67');
Insert into PERFIL_FUNCIONALIDADE (FK_PERFIL,FK_FUNCIONALIDADE) values ('52','66');
Insert into PERFIL_FUNCIONALIDADE (FK_PERFIL,FK_FUNCIONALIDADE) values ('53','72');
Insert into PERFIL_FUNCIONALIDADE (FK_PERFIL,FK_FUNCIONALIDADE) values ('53','68');
Insert into PERFIL_FUNCIONALIDADE (FK_PERFIL,FK_FUNCIONALIDADE) values ('53','66');

Insert into FUNCIONALIDADE_URL (ID,FK_FUNCIONALIDADE,PRINCIPAL_URL,VIEW_ID,URL) values ('83','66','N','fiscaladministrativo','fiscaladministrativo');
Insert into FUNCIONALIDADE_URL (ID,FK_FUNCIONALIDADE,PRINCIPAL_URL,VIEW_ID,URL) values ('84','67','N','fiscaltecnico','fiscaltecnico');
Insert into FUNCIONALIDADE_URL (ID,FK_FUNCIONALIDADE,PRINCIPAL_URL,VIEW_ID,URL) values ('94','68','N','ratflow/Create.xhtml','ratflow/Create.xhtml');
Insert into FUNCIONALIDADE_URL (ID,FK_FUNCIONALIDADE,PRINCIPAL_URL,VIEW_ID,URL) values ('92','68','N','ratflow/List.xhtml','ratflow/List.xhtml');
Insert into FUNCIONALIDADE_URL (ID,FK_FUNCIONALIDADE,PRINCIPAL_URL,VIEW_ID,URL) values ('93','68','N','ratflow/Edit.xhtml','ratflow/Edit.xhtml');
Insert into FUNCIONALIDADE_URL (ID,FK_FUNCIONALIDADE,PRINCIPAL_URL,VIEW_ID,URL) values ('95','68','N','ratflow/ItemEdit.xhtml','ratflow/ItemEdit.xhtml');
Insert into FUNCIONALIDADE_URL (ID,FK_FUNCIONALIDADE,PRINCIPAL_URL,VIEW_ID,URL) values ('96','68','N','ratflow/ItemNovo.xhtml','ratflow/ItemNovo.xhtml');
Insert into FUNCIONALIDADE_URL (ID,FK_FUNCIONALIDADE,PRINCIPAL_URL,VIEW_ID,URL) values ('97','68','N','calendarioferiadoflow/List.xhtml','calendarioferiadoflow/List.xhtml');
Insert into FUNCIONALIDADE_URL (ID,FK_FUNCIONALIDADE,PRINCIPAL_URL,VIEW_ID,URL) values ('98','68','N','calendarioferiadoflow/Edit.xhtml','calendarioferiadoflow/Edit.xhtml');
Insert into FUNCIONALIDADE_URL (ID,FK_FUNCIONALIDADE,PRINCIPAL_URL,VIEW_ID,URL) values ('99','68','N','calendarioferiadoflow/Create.xhtml','calendarioferiadoflow/Create.xhtml');
Insert into FUNCIONALIDADE_URL (ID,FK_FUNCIONALIDADE,PRINCIPAL_URL,VIEW_ID,URL) values ('100','68','N','calendarioferiadoflow/ItemEdit.xhtml','calendarioferiadoflow/ItemEdit.xhtml');
Insert into FUNCIONALIDADE_URL (ID,FK_FUNCIONALIDADE,PRINCIPAL_URL,VIEW_ID,URL) values ('101','68','N','calendarioferiadoflow/ItemNovo.xhtml','calendarioferiadoflow/ItemNovo.xhtml');
Insert into FUNCIONALIDADE_URL (ID,FK_FUNCIONALIDADE,PRINCIPAL_URL,VIEW_ID,URL) values ('102','68','N','cargooufuncaoflow/List.xhtml','cargooufuncaoflow/List.xhtml');
Insert into FUNCIONALIDADE_URL (ID,FK_FUNCIONALIDADE,PRINCIPAL_URL,VIEW_ID,URL) values ('103','68','N','cargooufuncaoflow/Edit.xhtml','cargooufuncaoflow/Edit.xhtml');
Insert into FUNCIONALIDADE_URL (ID,FK_FUNCIONALIDADE,PRINCIPAL_URL,VIEW_ID,URL) values ('104','68','N','cargooufuncaoflow/Create.xhtml','cargooufuncaoflow/Create.xhtml');
Insert into FUNCIONALIDADE_URL (ID,FK_FUNCIONALIDADE,PRINCIPAL_URL,VIEW_ID,URL) values ('105','68','N','encargoflow/List.xhtml','encargoflow/List.xhtml');
Insert into FUNCIONALIDADE_URL (ID,FK_FUNCIONALIDADE,PRINCIPAL_URL,VIEW_ID,URL) values ('106','68','N','encargoflow/Edit.xhtml','encargoflow/Edit.xhtml');
Insert into FUNCIONALIDADE_URL (ID,FK_FUNCIONALIDADE,PRINCIPAL_URL,VIEW_ID,URL) values ('107','68','N','encargoflow/Create.xhtml','encargoflow/Create.xhtml');
Insert into FUNCIONALIDADE_URL (ID,FK_FUNCIONALIDADE,PRINCIPAL_URL,VIEW_ID,URL) values ('108','68','N','faturamentoitemeventoflow/List.xhtml','faturamentoitemeventoflow/List.xhtml');
Insert into FUNCIONALIDADE_URL (ID,FK_FUNCIONALIDADE,PRINCIPAL_URL,VIEW_ID,URL) values ('109','68','N','faturamentoitemeventoflow/Edit.xhtml','faturamentoitemeventoflow/Edit.xhtml');
Insert into FUNCIONALIDADE_URL (ID,FK_FUNCIONALIDADE,PRINCIPAL_URL,VIEW_ID,URL) values ('110','68','N','faturamentoitemeventoflow/Create.xhtml','faturamentoitemeventoflow/Create.xhtml');
Insert into FUNCIONALIDADE_URL (ID,FK_FUNCIONALIDADE,PRINCIPAL_URL,VIEW_ID,URL) values ('111','68','N','fiscalespecieflow/List.xhtml','fiscalespecieflow/List.xhtml');
Insert into FUNCIONALIDADE_URL (ID,FK_FUNCIONALIDADE,PRINCIPAL_URL,VIEW_ID,URL) values ('112','68','N','fiscalespecieflow/Edit.xhtml','fiscalespecieflow/Edit.xhtml');
Insert into FUNCIONALIDADE_URL (ID,FK_FUNCIONALIDADE,PRINCIPAL_URL,VIEW_ID,URL) values ('113','68','N','fiscalespecieflow/Create.xhtml','fiscalespecieflow/Create.xhtml');
Insert into FUNCIONALIDADE_URL (ID,FK_FUNCIONALIDADE,PRINCIPAL_URL,VIEW_ID,URL) values ('139','67','N','contratoporfiscalflow/List.xhtml','contratoporflowflow/List.xhtml');
Insert into FUNCIONALIDADE_URL (ID,FK_FUNCIONALIDADE,PRINCIPAL_URL,VIEW_ID,URL) values ('140','67','N','contratoporfiscalflow/Edit.xhtml','contratoporflowflow/Edit.xhtml');
Insert into FUNCIONALIDADE_URL (ID,FK_FUNCIONALIDADE,PRINCIPAL_URL,VIEW_ID,URL) values ('143','67','N','contratoporfiscalflow/AlocacaoNova.xhtml','contratoporflowflow/AlocacaoNova.xhtml');
Insert into FUNCIONALIDADE_URL (ID,FK_FUNCIONALIDADE,PRINCIPAL_URL,VIEW_ID,URL) values ('144','67','N','contratoporfiscalflow/FaturamentoEdit.xhtml','contratoporflowflow/FaturamentoEdit.xhtml');
Insert into FUNCIONALIDADE_URL (ID,FK_FUNCIONALIDADE,PRINCIPAL_URL,VIEW_ID,URL) values ('121','66','N','contratoflow/List.xhtml','contratoflow/List.xhtml');
Insert into FUNCIONALIDADE_URL (ID,FK_FUNCIONALIDADE,PRINCIPAL_URL,VIEW_ID,URL) values ('122','66','N','contratoflow/Edit.xhtml','contratoflow/Edit.xhtml');
Insert into FUNCIONALIDADE_URL (ID,FK_FUNCIONALIDADE,PRINCIPAL_URL,VIEW_ID,URL) values ('123','66','N','contratoflow/Create.xhtml','contratoflow/Create.xhtml');
Insert into FUNCIONALIDADE_URL (ID,FK_FUNCIONALIDADE,PRINCIPAL_URL,VIEW_ID,URL) values ('124','66','N','contratoflow/AliquotaEdit.xhtml','contratoflow/AliquotaEdit.xhtml');
Insert into FUNCIONALIDADE_URL (ID,FK_FUNCIONALIDADE,PRINCIPAL_URL,VIEW_ID,URL) values ('125','66','N','contratoflow/AliquotaNova.xhtml','contratoflow/AliquotaNova.xhtml');
Insert into FUNCIONALIDADE_URL (ID,FK_FUNCIONALIDADE,PRINCIPAL_URL,VIEW_ID,URL) values ('126','66','N','contratoflow/AlocacaoEdit.xhtml','contratoflow/AlocacaoEdit.xhtml');
Insert into FUNCIONALIDADE_URL (ID,FK_FUNCIONALIDADE,PRINCIPAL_URL,VIEW_ID,URL) values ('127','66','N','contratoflow/AlocacaoNova.xhtml','contratoflow/AlocacaoNova.xhtml');
Insert into FUNCIONALIDADE_URL (ID,FK_FUNCIONALIDADE,PRINCIPAL_URL,VIEW_ID,URL) values ('128','66','N','contratoflow/ContaEdit.xhtml','contratoflow/ContaEdit.xhtml');
Insert into FUNCIONALIDADE_URL (ID,FK_FUNCIONALIDADE,PRINCIPAL_URL,VIEW_ID,URL) values ('129','66','N','contratoflow/ContaNova.xhtml','contratoflow/ContaNova.xhtml');
Insert into FUNCIONALIDADE_URL (ID,FK_FUNCIONALIDADE,PRINCIPAL_URL,VIEW_ID,URL) values ('130','66','N','contratoflow/FaturamentoEdit.xhtml','contratoflow/FaturamentoEdit.xhtml');
Insert into FUNCIONALIDADE_URL (ID,FK_FUNCIONALIDADE,PRINCIPAL_URL,VIEW_ID,URL) values ('131','66','N','contratoflow/FaturamentoNovo.xhtml','contratoflow/FaturamentoNovo.xhtml');
Insert into FUNCIONALIDADE_URL (ID,FK_FUNCIONALIDADE,PRINCIPAL_URL,VIEW_ID,URL) values ('132','66','N','contratoflow/FiscalEdit.xhtml','contratoflow/FiscalEdit.xhtml');
Insert into FUNCIONALIDADE_URL (ID,FK_FUNCIONALIDADE,PRINCIPAL_URL,VIEW_ID,URL) values ('133','66','N','contratoflow/FiscalNovo.xhtml','contratoflow/FiscalNovo.xhtml');
Insert into FUNCIONALIDADE_URL (ID,FK_FUNCIONALIDADE,PRINCIPAL_URL,VIEW_ID,URL) values ('134','66','N','contratoflow/PostoEdit.xhtml','contratoflow/PostoEdit.xhtml');
Insert into FUNCIONALIDADE_URL (ID,FK_FUNCIONALIDADE,PRINCIPAL_URL,VIEW_ID,URL) values ('135','66','N','contratoflow/PostoNovo.xhtml','contratoflow/PostoNovo.xhtml');
Insert into FUNCIONALIDADE_URL (ID,FK_FUNCIONALIDADE,PRINCIPAL_URL,VIEW_ID,URL) values ('136','66','N','contratoflow/RemuneracaoEdit.xhtml','contratoflow/RemuneracaoEdit.xhtml');
Insert into FUNCIONALIDADE_URL (ID,FK_FUNCIONALIDADE,PRINCIPAL_URL,VIEW_ID,URL) values ('137','66','N','contratoflow/RemuneracaoNova.xhtml','contratoflow/RemuneracaoNova.xhtml');
Insert into FUNCIONALIDADE_URL (ID,FK_FUNCIONALIDADE,PRINCIPAL_URL,VIEW_ID,URL) values ('138','66','N','contratoflow/Retencao.xhtml','contratoflow/PostoEdit.xhtml');
Insert into FUNCIONALIDADE_URL (ID,FK_FUNCIONALIDADE,PRINCIPAL_URL,VIEW_ID,URL) values ('141','67','N','contratoporfiscalflow/PostoEdit.xhtml','contratoporflowflow/PostoEdit.xhtml');
Insert into FUNCIONALIDADE_URL (ID,FK_FUNCIONALIDADE,PRINCIPAL_URL,VIEW_ID,URL) values ('142','67','N','contratoporfiscalflow/AlocacaoEdit.xhtml','contratoporflowflow/AlocacaoEdit.xhtml');
Insert into FUNCIONALIDADE_URL (ID,FK_FUNCIONALIDADE,PRINCIPAL_URL,VIEW_ID,URL) values ('147','66','N','compararetencoesflow/Passo01.xhtml','compararetencoesflow/Passo01.xhtml');
Insert into FUNCIONALIDADE_URL (ID,FK_FUNCIONALIDADE,PRINCIPAL_URL,VIEW_ID,URL) values ('91','72','N','contavinculada','contavinculada.xhtml');
Insert into FUNCIONALIDADE_URL (ID,FK_FUNCIONALIDADE,PRINCIPAL_URL,VIEW_ID,URL) values ('145','73','N','faturamentoitemeventoflow/List.xhtml','faturamentoitemeventoflow/List.xhtml');
Insert into FUNCIONALIDADE_URL (ID,FK_FUNCIONALIDADE,PRINCIPAL_URL,VIEW_ID,URL) values ('146','66','N','contratoflow/LiberacaoNova.xhtml','contratoflow/LiberacaoNova.xhtml');
Insert into FUNCIONALIDADE_URL (ID,FK_FUNCIONALIDADE,PRINCIPAL_URL,VIEW_ID,URL) values ('114','66','N','pessoajuridicaflow/List.xhtml','pessoajuridicaflow/List.xhtml');
Insert into FUNCIONALIDADE_URL (ID,FK_FUNCIONALIDADE,PRINCIPAL_URL,VIEW_ID,URL) values ('115','66','N','pessoajuridicaflow/Edit.xhtml','pessoajuridicaflow/Edit.xhtml');
Insert into FUNCIONALIDADE_URL (ID,FK_FUNCIONALIDADE,PRINCIPAL_URL,VIEW_ID,URL) values ('116','66','N','pessoajuridicaflow/Create.xhtml','pessoajuridicaflow/Create.xhtml');
Insert into FUNCIONALIDADE_URL (ID,FK_FUNCIONALIDADE,PRINCIPAL_URL,VIEW_ID,URL) values ('117','66','N','pessoajuridicaflow/SalarioEdit.xhtml','pessoajuridicaflow/SalarioEdit.xhtml');
Insert into FUNCIONALIDADE_URL (ID,FK_FUNCIONALIDADE,PRINCIPAL_URL,VIEW_ID,URL) values ('118','66','N','pessoajuridicaflow/SalarioNovo.xhtml','pessoajuridicaflow/SalarioNovo.xhtml');
Insert into FUNCIONALIDADE_URL (ID,FK_FUNCIONALIDADE,PRINCIPAL_URL,VIEW_ID,URL) values ('119','66','N','pessoajuridicaflow/ColaboradorEdit.xhtml','pessoajuridicaflow/ColaboradorEdit.xhtml');
Insert into FUNCIONALIDADE_URL (ID,FK_FUNCIONALIDADE,PRINCIPAL_URL,VIEW_ID,URL) values ('120','66','N','pessoajuridicaflow/ColaboradorNovo.xhtml','pessoajuridicaflow/ColaboradorNovo.xhtml');

Insert into PERMISSAO (ID,LOGIN,FK_PERFIL,FK_UNIDADE,DATA_CADASTRO,DATA_EXCLUIDO,USUARIO_CADASTRO,USUARIO_EXCLUIR) values ('142','J129-9','48','355',to_timestamp('2016/10/10 13:22:13,226000000','YYYY/MM/DD HH24:MI:SSXFF'),null,'J129-9',null);
Insert into PERMISSAO (ID,LOGIN,FK_PERFIL,FK_UNIDADE,DATA_CADASTRO,DATA_EXCLUIDO,USUARIO_CADASTRO,USUARIO_EXCLUIR) values ('187','H045-3','52','355',to_timestamp('2016/12/06 11:04:13,210217000','YYYY/MM/DD HH24:MI:SSXFF'),null,'J129-9',null);
Insert into PERMISSAO (ID,LOGIN,FK_PERFIL,FK_UNIDADE,DATA_CADASTRO,DATA_EXCLUIDO,USUARIO_CADASTRO,USUARIO_EXCLUIR) values ('188','H045-3','51','355',to_timestamp('2016/12/06 11:04:13,217114000','YYYY/MM/DD HH24:MI:SSXFF'),null,'J129-9',null);
Insert into PERMISSAO (ID,LOGIN,FK_PERFIL,FK_UNIDADE,DATA_CADASTRO,DATA_EXCLUIDO,USUARIO_CADASTRO,USUARIO_EXCLUIR) values ('189','H045-3','56','355',to_timestamp('2016/12/06 11:04:13,223289000','YYYY/MM/DD HH24:MI:SSXFF'),null,'J129-9',null);
Insert into PERMISSAO (ID,LOGIN,FK_PERFIL,FK_UNIDADE,DATA_CADASTRO,DATA_EXCLUIDO,USUARIO_CADASTRO,USUARIO_EXCLUIR) values ('199','R081-4','53','355',to_timestamp('2016/12/06 11:04:13,311666000','YYYY/MM/DD HH24:MI:SSXFF'),null,'J129-9',null);
Insert into PERMISSAO (ID,LOGIN,FK_PERFIL,FK_UNIDADE,DATA_CADASTRO,DATA_EXCLUIDO,USUARIO_CADASTRO,USUARIO_EXCLUIR) values ('155','J129-9','51','355',to_timestamp('2016/11/04 13:05:11,853000000','YYYY/MM/DD HH24:MI:SSXFF'),null,'J129-9',null);
Insert into PERMISSAO (ID,LOGIN,FK_PERFIL,FK_UNIDADE,DATA_CADASTRO,DATA_EXCLUIDO,USUARIO_CADASTRO,USUARIO_EXCLUIR) values ('156','J129-9','53','355',to_timestamp('2016/11/04 13:05:34,230000000','YYYY/MM/DD HH24:MI:SSXFF'),null,'J129-9',null);
Insert into PERMISSAO (ID,LOGIN,FK_PERFIL,FK_UNIDADE,DATA_CADASTRO,DATA_EXCLUIDO,USUARIO_CADASTRO,USUARIO_EXCLUIR) values ('157','J129-9','56','355',to_timestamp('2016/11/04 13:08:41,319000000','YYYY/MM/DD HH24:MI:SSXFF'),null,'J129-9',null);
Insert into PERMISSAO (ID,LOGIN,FK_PERFIL,FK_UNIDADE,DATA_CADASTRO,DATA_EXCLUIDO,USUARIO_CADASTRO,USUARIO_EXCLUIR) values ('154','J129-9','52','355',to_timestamp('2016/11/04 13:04:59,112000000','YYYY/MM/DD HH24:MI:SSXFF'),null,'J129-9',null);
Insert into PERMISSAO (ID,LOGIN,FK_PERFIL,FK_UNIDADE,DATA_CADASTRO,DATA_EXCLUIDO,USUARIO_CADASTRO,USUARIO_EXCLUIR) values ('169','H045-3','48',null,to_timestamp('2016/12/01 15:50:32,755000000','YYYY/MM/DD HH24:MI:SSXFF'),null,'H045-3',null);
